Timestamp,Ticker,Name,Direction,EntryPrice,RSI,Stop,Target1,Target2,RiskReward,Status,ClosedPrice,ClosedAt,ReturnPct,Source,SignalType
2026-07-18 19:09:02,BTC-USD,Bitcoin,LONG,64239.609375,68.86683401623087,63900.74,64268.99,65256.22,0.09,HIT TARGET,64664.96,2026-07-18 23:34:37,0.66,Crypto,RSI Wave
2026-07-19 15:51:47,BTC-USD,Bitcoin,SHORT,64458.890625,55.91161319431773,65507.59,61880.53,61880.53,2.46,HIT STOP,65917.49,2026-07-21 08:45:16,-2.21,Crypto,Daily Reversal
2026-07-19 23:09:48,BTC-USD,Bitcoin,SHORT,64470.0,55.92500913385364,65507.59,61891.2,61891.2,2.49,HIT STOP,65917.49,2026-07-21 08:45:16,-2.2,Crypto,Daily Reversal
2026-07-20 01:08:08,GC=F,Gold,SHORT,3999.699951171875,46.38102195960635,4028.9,3949.7,3949.7,1.71,HIT STOP,4078.7,2026-07-21 08:45:16,-1.94,Global Indices,Reversal 1H
2026-07-20 01:08:33,EURUSD=X,EUR/USD,SHORT,1.142987847328186,35.46223669810949,1.1447,1.1287,1.1287,8.35,HIT STOP,1.15,2026-07-29 20:54:14,-0.19,Global Indices,Reversal 1H
2026-07-20 05:56:41,SI=F,Silver,LONG,57.47999954223633,72.57660365131508,56.51,57.63,60.39,0.16,HIT TARGET,58.92,2026-07-21 08:45:16,2.51,Global Indices,RSI Wave
2026-07-20 05:57:19,BTC-USD,Bitcoin,LONG,64742.23046875,65.73369617133645,64238.08,65040.47,66254.69,0.59,HIT STOP,64193.92,2026-07-20 09:55:25,-0.85,Crypto,RSI Wave
2026-07-20 05:59:30,IRCON.NS,IRCON International,SHORT,128.3000030517578,36.29907466074617,134.55,123.17,123.17,0.82,OPEN,,,1.62,Indian Stocks,Daily Reversal
2026-07-20 06:00:16,CLEAN.NS,Clean Science,SHORT,718.0,34.531425155003745,809.0,689.28,689.28,0.32,OPEN,,,-2.29,Indian Stocks,Daily Reversal
2026-07-20 09:22:08,GC=F,Gold,SHORT,4008.60009765625,48.967957357711256,4034.2,3958.49,3958.49,1.96,HIT STOP,4078.7,2026-07-21 08:45:16,-1.72,Global Indices,Reversal 1H
2026-07-20 09:22:48,BTC-USD,Bitcoin,SHORT,63994.3515625,28.852772016221778,65040.47,63194.42,63194.42,0.76,HIT STOP,65917.49,2026-07-21 08:45:16,-2.92,Crypto,Reversal 1H
2026-07-20 13:10:48,HG=F,Copper,LONG,6.311500072479248,61.71706515652563,3.8015,6.3904,6.3904,0.03,HIT TARGET,6.46,2026-07-21 08:45:16,2.34,Global Indices,Reversal 1H
2026-07-20 13:15:15,SUPREMEIND.NS,Supreme Industries,SHORT,3436.699951171875,54.96773786664509,3538.1,3299.23,3299.23,1.36,OPEN,,,-0.83,Indian Stocks,Daily Reversal
2026-07-20 16:28:44,GC=F,Gold,SHORT,4005.10009765625,45.398946155157006,4046.0,3955.04,3955.04,1.22,HIT STOP,4078.7,2026-07-21 08:45:16,-1.8,Global Indices,Reversal 1H
2026-07-20 16:28:47,SI=F,Silver,SHORT,56.84999847412109,54.00814526740248,57.76,56.14,56.14,0.78,HIT STOP,58.92,2026-07-21 08:45:16,-3.51,Global Indices,Reversal 1H
2026-07-20 16:28:56,DX-Y.NYB,Dollar Index,LONG,100.90899658203124,69.04333370254824,95.55,102.17,102.17,0.24,OPEN,,,-1.26,Global Indices,Reversal 1H
2026-07-20 16:29:03,EURUSD=X,EUR/USD,SHORT,1.1420739889144895,30.268414477601368,1.1452,1.1278,1.1278,4.57,HIT STOP,1.15,2026-07-29 20:54:15,-0.27,Global Indices,Reversal 1H
2026-07-20 16:29:13,USDCAD=X,USD/CAD,LONG,1.4039900302886963,68.87731442332203,1.4012,1.4052,1.4125,0.44,HIT TARGET,1.41,2026-07-21 08:45:16,0.18,Global Indices,RSI Wave
2026-07-20 16:29:23,BTC-USD,Bitcoin,SHORT,64351.26953125,45.82068748454997,65005.48,63546.88,63546.88,1.23,HIT STOP,65917.49,2026-07-21 08:45:16,-2.38,Crypto,Reversal 1H
2026-07-20 18:41:39,^IRX,US 3M Yield,LONG,3.7070000171661377,56.70436910267469,3.6935,3.718,3.7476,0.81,HIT TARGET,3.8,2026-07-26 22:49:50,2.64,Global Indices,RSI Wave
2026-07-20 18:42:01,BTC-USD,Bitcoin,LONG,65351.71875,68.48503009256663,64516.02,65591.15,67858.81,0.29,HIT TARGET,65917.49,2026-07-21 08:45:16,0.87,Crypto,RSI Wave
2026-07-21 02:09:30,CLEAN.NS,Clean Science,SHORT,729.7999877929688,35.27844547306849,809.0,700.61,700.61,0.37,OPEN,,,-0.69,Indian Stocks,Daily Reversal
2026-07-21 06:24:17,GC=F,Gold,LONG,4051.5,71.85103139391077,4022.38,4056.6,4138.86,0.18,HIT TARGET,4078.7,2026-07-21 08:45:16,0.67,Global Indices,RSI Wave
2026-07-21 06:24:20,SI=F,Silver,LONG,58.130001068115234,72.25192477837821,22.25,58.86,58.86,0.02,HIT TARGET,58.92,2026-07-21 08:45:16,1.36,Global Indices,Reversal 1H
2026-07-21 06:26:06,HDFCBANK.NS,HDFC Bank,SHORT,768.9000244140625,38.5003996284883,834.35,738.14,738.14,0.47,HIT TARGET,736.75,2026-07-28 20:02:59,4.36,Indian Stocks,Daily Reversal
2026-07-21 06:27:44,SUPREMEIND.NS,Supreme Industries,SHORT,3374.60009765625,51.01460041495388,3538.1,3239.62,3239.62,0.83,OPEN,,,-2.62,Indian Stocks,Daily Reversal
2026-07-21 09:40:00,^NSEI,NIFTY 50,SHORT,24147.69921875,45.29436720232343,24265.55,23845.85,23845.85,2.56,HIT TARGET,23787.0,2026-07-26 22:49:50,1.52,Global Indices,Reversal 1H
2026-07-21 09:40:22,^STI,SIGI30,LONG,5532.7099609375,61.66624263330741,5504.12,5543.89,5618.47,0.39,HIT TARGET,5575.11,2026-07-26 22:49:50,0.77,Global Indices,RSI Wave
2026-07-21 09:41:02,BTC-USD,Bitcoin,LONG,66015.1484375,71.32563812112281,65334.2,66018.97,68057.99,0.01,HIT STOP,64601.91,2026-07-26 22:49:50,-2.14,Crypto,RSI Wave
2026-07-21 09:44:45,GALAXYSURF.NS,Galaxy Surfactants,SHORT,1948.0,52.45702487767967,2105.6,1870.08,1870.08,0.49,OPEN,,,0.15,Indian Stocks,Daily Reversal
2026-07-21 12:35:25,IRCON.NS,IRCON International,SHORT,129.05999755859375,37.335459095564026,134.55,123.9,123.9,0.94,OPEN,,,2.23,Indian Stocks,Daily Reversal
2026-07-21 14:43:03,^IRX,US 3M Yield,LONG,3.7200000286102295,66.64545744064456,3.7057,3.7487,3.763,2.0,HIT TARGET,3.8,2026-07-26 22:49:50,2.28,Global Indices,RSI Wave
2026-07-21 17:13:22,GC=F,Gold,LONG,4073.10009765625,68.11221797239435,4044.22,4088.4,4159.73,0.53,HIT TARGET,4091.2,2026-07-27 00:20:47,0.44,Global Indices,RSI Wave
2026-07-21 17:13:44,EURUSD=X,EUR/USD,SHORT,1.1409013271331787,29.90997693271009,1.1431,1.1266,1.1266,6.5,HIT STOP,1.14,2026-07-29 20:42:50,-0.22,Global Indices,Reversal 1H
2026-07-21 17:13:57,USDCAD=X,USD/CAD,LONG,1.409719944000244,73.89910476912829,1.3172,1.4273,1.4273,0.19,OPEN,,,-0.57,Global Indices,Reversal 1H
2026-07-21 17:14:02,NZDUSD=X,NZD/USD,SHORT,0.5830563902854919,28.10236692712637,0.5846,0.5826,0.5785,0.32,HIT TARGET,0.58,2026-07-26 22:49:50,0.72,Global Indices,RSI Wave
2026-07-21 19:39:58,^VIX,VIX,SHORT,17.110000610351562,35.97059568101629,18.68,16.9,16.9,0.13,HIT STOP,18.73,2026-07-29 15:17:03,-8.65,Global Indices,Reversal 1H
2026-07-21 21:49:19,WESTLIFE.NS,Westlife Foodworld,SHORT,,33.35529724256908,512.4,,,0.0,OPEN,,,,Indian Stocks,Daily Reversal
2026-07-21 23:23:17,ICE,Intercontinental Exchange,SHORT,138.6699981689453,54.46493006242161,144.55,133.12,133.12,0.94,HIT STOP,145.81,2026-07-26 22:49:50,-4.9,US Stocks,Daily Reversal
2026-07-22 05:36:52,BTC-USD,Bitcoin,LONG,66185.7421875,53.76764047114811,66070.54,66915.9,66531.35,6.34,HIT STOP,64601.91,2026-07-26 22:49:50,-2.39,Crypto,RSI Wave
2026-07-22 05:38:15,HDFCBANK.NS,HDFC Bank,SHORT,761.4500122070312,35.76103794223732,827.7,730.99,730.99,0.46,OPEN,,,1.8,Indian Stocks,Daily Reversal
2026-07-22 08:39:44,^NSEI,NIFTY 50,SHORT,23999.599609375,31.712235989966103,24262.2,23699.6,23699.6,1.14,HIT STOP,24296.6,2026-07-30 22:26:43,-1.22,Global Indices,Reversal 1H
2026-07-22 08:43:04,ATGL.NS,Adani Total Gas,SHORT,677.6500244140625,37.59713481282039,750.0,650.54,650.54,0.37,HIT TARGET,646.25,2026-07-28 20:02:59,4.86,Indian Stocks,Daily Reversal
2026-07-22 08:43:15,TEXRAIL.NS,Texmaco Rail,SHORT,112.16000366210938,50.04140205199096,123.37,107.67,107.67,0.4,OPEN,,,0.51,Indian Stocks,Daily Reversal
2026-07-22 08:43:25,CONCOR.NS,Container Corporation,SHORT,483.0,55.3048398841413,500.0,463.68,463.68,1.14,HIT STOP,524.0,2026-07-28 20:02:59,-7.82,Indian Stocks,Daily Reversal
2026-07-22 08:43:43,DEVYANI.NS,Devyani International,SHORT,109.20999908447266,38.68857179117016,114.85,104.84,104.84,0.77,HIT STOP,118.5,2026-07-29 15:08:18,-7.84,Indian Stocks,Daily Reversal
2026-07-22 08:44:06,GALAXYSURF.NS,Galaxy Surfactants,SHORT,1930.0,49.30875841150929,2105.6,1852.8,1852.8,0.44,OPEN,,,-0.77,Indian Stocks,Daily Reversal
2026-07-22 08:44:17,FINPIPE.NS,Finolex Industries,SHORT,163.1300048828125,32.68730852770493,175.62,156.6,156.6,0.52,OPEN,,,0.6,Indian Stocks,Daily Reversal
2026-07-22 11:34:28,^STI,SIGI30,LONG,5585.830078125,70.82554293146042,5552.44,5588.08,5685.99,0.07,HIT TARGET,5619.22,2026-07-28 20:02:59,0.6,Global Indices,RSI Wave
2026-07-22 11:37:20,HDFCLIFE.NS,HDFC Life,SHORT,552.8499755859375,39.40328157704806,588.0,530.74,530.74,0.63,OPEN,,,0.79,Indian Stocks,Daily Reversal
2026-07-22 11:39:20,WESTLIFE.NS,Westlife Foodworld,SHORT,498.6000061035156,55.36193391569278,540.1,478.66,478.66,0.48,HIT TARGET,456.0,2026-07-26 22:49:50,9.34,Indian Stocks,Daily Reversal
2026-07-22 11:40:09,PRINCEPIPE.NS,Prince Pipes,SHORT,260.8500061035156,37.62518649653809,274.85,250.42,250.42,0.75,OPEN,,,-1.08,Indian Stocks,Daily Reversal
2026-07-22 13:58:43,^GDAXI,Ger 40,LONG,25049.609375,62.38397127121346,14630.21,25362.73,25362.73,0.03,HIT TARGET,25489.74,2026-07-28 20:02:59,1.76,Global Indices,Reversal 1H
2026-07-22 16:18:17,^AEX,NL 25,LONG,1100.9200439453125,65.36270172238599,1093.65,1102.47,1122.72,0.21,HIT STOP,1091.05,2026-07-26 22:49:50,-0.9,Global Indices,RSI Wave
2026-07-22 16:18:56,AUDUSD=X,AUD/USD,SHORT,0.6998880505561829,43.817659822767865,0.7012,0.6988,0.6961,0.89,HIT TARGET,0.7,2026-07-26 22:49:50,0.22,Global Indices,RSI Wave
2026-07-23 00:17:08,CLEAN.NS,Clean Science,SHORT,,39.601170125890434,809.0,,,0.0,OPEN,,,,Indian Stocks,Daily Reversal
2026-07-23 02:14:00,HDFCLIFE.NS,HDFC Life,SHORT,553.0999755859375,39.43543264643224,588.0,530.98,530.98,0.63,OPEN,,,0.84,Indian Stocks,Daily Reversal
2026-07-23 02:15:08,ATGL.NS,Adani Total Gas,SHORT,681.5999755859375,37.8510027143755,750.0,654.34,654.34,0.4,HIT TARGET,652.85,2026-07-26 22:49:50,4.4,Indian Stocks,Daily Reversal
2026-07-23 02:15:36,CONCOR.NS,Container Corporation,SHORT,481.3999938964844,54.38916485616732,500.0,462.14,462.14,1.04,HIT STOP,524.0,2026-07-28 20:02:59,-8.13,Indian Stocks,Daily Reversal
2026-07-23 02:16:46,PRINCEPIPE.NS,Prince Pipes,SHORT,260.70001220703125,37.58662024135545,274.85,250.27,250.27,0.74,OPEN,,,-1.14,Indian Stocks,Daily Reversal
2026-07-23 06:25:58,DX-Y.NYB,Dollar Index,SHORT,100.9499969482422,26.395915909803577,101.06,100.94,100.63,0.11,HIT STOP,101.46,2026-07-26 22:49:50,-0.51,Global Indices,RSI Wave
2026-07-23 06:26:10,USDCAD=X,USD/CAD,SHORT,1.4062600135803225,26.15871394895088,1.4085,1.4057,1.3995,0.25,HIT STOP,1.41,2026-07-26 22:49:50,-0.21,Global Indices,RSI Wave
2026-07-23 06:26:17,BTC-USD,Bitcoin,SHORT,65699.8984375,38.42317734404924,66280.61,64878.65,64878.65,1.41,HIT TARGET,64601.91,2026-07-26 22:49:50,1.7,Crypto,Reversal 1H
2026-07-23 06:28:59,AHLUCONT.NS,Ahluwalia Contracts,SHORT,805.4500122070312,40.16571896788513,885.0,773.23,773.23,0.41,OPEN,,,-1.78,Indian Stocks,Daily Reversal
2026-07-23 06:29:17,WESTLIFE.NS,Westlife Foodworld,SHORT,495.3500061035156,55.996540872850986,540.1,475.54,475.54,0.44,HIT TARGET,456.0,2026-07-26 22:49:50,8.63,Indian Stocks,Daily Reversal
2026-07-23 06:29:19,DEVYANI.NS,Devyani International,SHORT,108.16000366210938,35.06576629847251,114.85,103.83,103.83,0.65,HIT STOP,118.5,2026-07-29 15:08:18,-8.73,Indian Stocks,Daily Reversal
2026-07-23 09:42:35,BTC-USD,Bitcoin,SHORT,65356.96875,37.01523919338555,66280.61,64540.01,64540.01,0.88,HIT TARGET,63695.9,2026-07-28 20:02:59,2.61,Crypto,Reversal 1H
2026-07-23 12:33:27,GC=F,Gold,SHORT,4090.300048828125,34.83454440922495,4144.0,4039.17,4039.17,0.95,HIT TARGET,4027.9,2026-07-28 20:02:59,1.55,Global Indices,Reversal 1H
2026-07-23 12:33:29,SI=F,Silver,SHORT,58.93999862670898,33.80056471558615,59.78,58.87,56.42,0.08,HIT STOP,59.81,2026-07-27 00:25:13,-1.45,Global Indices,RSI Wave
2026-07-23 12:33:31,SI=F,Silver,SHORT,58.93999862670898,33.80056471558615,60.36,58.2,58.2,0.52,HIT TARGET,57.35,2026-07-28 20:02:59,2.77,Global Indices,Reversal 1H
2026-07-23 12:33:33,HG=F,Copper,SHORT,6.450500011444092,32.981673037265026,6.498,6.4395,6.3081,0.23,HIT TARGET,6.36,2026-07-26 22:49:50,1.46,Global Indices,RSI Wave
2026-07-23 12:36:30,AHLUCONT.NS,Ahluwalia Contracts,SHORT,800.2000122070312,38.88695950757853,885.0,768.19,768.19,0.38,OPEN,,,-2.42,Indian Stocks,Daily Reversal
2026-07-23 12:36:46,JUBLFOOD.NS,Jubilant FoodWorks,SHORT,412.2999877929688,39.75299186217547,439.65,395.81,395.81,0.6,HIT STOP,440.1,2026-07-29 15:08:19,-6.32,Indian Stocks,Daily Reversal
2026-07-23 12:37:22,RELIANCE.NS,Reliance Industries,SHORT,1272.199951171875,39.06522195537452,1345.9,1221.31,1221.31,0.69,OPEN,,,-2.72,Indian Stocks,Daily Reversal
2026-07-23 14:46:52,EURUSD=X,EUR/USD,SHORT,1.138044834136963,25.3212070259098,1.1398,1.1345,1.1328,2.0,HIT STOP,1.14,2026-07-29 16:32:48,-0.16,Global Indices,RSI Wave
2026-07-23 14:46:55,EURUSD=X,EUR/USD,SHORT,1.138044834136963,25.3212070259098,1.1439,1.1238,1.1238,2.43,HIT STOP,1.14,2026-07-29 20:48:10,-0.53,Global Indices,Reversal 1H
2026-07-23 17:21:07,MSFT,Microsoft,SHORT,379.4249877929688,45.86920623215338,405.99,364.25,364.25,0.57,HIT STOP,451.48,2026-07-30 22:26:44,-15.96,US Stocks,Daily Reversal
2026-07-23 17:21:27,HD,Home Depot,SHORT,325.489990234375,39.84332920106873,353.98,312.47,312.47,0.46,OPEN,,,-1.97,US Stocks,Daily Reversal
2026-07-23 17:21:52,PEP,PepsiCo,SHORT,134.99000549316406,39.07409712706279,141.96,129.59,129.59,0.77,HIT STOP,142.34,2026-07-28 20:02:59,-5.16,US Stocks,Daily Reversal
2026-07-23 17:21:55,DIS,Walt Disney,SHORT,92.70999908447266,32.784145191788866,99.85,89.0,89.0,0.52,OPEN,,,-3.65,US Stocks,Daily Reversal
2026-07-23 17:21:58,TMUS,T-Mobile US,SHORT,179.0500030517578,41.319243263541935,198.86,171.89,171.89,0.36,OPEN,,,3.7,US Stocks,Daily Reversal
2026-07-23 17:24:38,BTC-USD,Bitcoin,SHORT,64860.7890625,58.18911784256376,66910.06,62266.36,62266.36,1.27,OPEN,,,2.3,Crypto,Daily Reversal
2026-07-24 05:38:58,AHLUCONT.NS,Ahluwalia Contracts,SHORT,800.2000122070312,46.0617758626021,,768.19,768.19,0.0,OPEN,,,-2.42,Indian Stocks,Daily Reversal
2026-07-24 05:39:14,JUBLFOOD.NS,Jubilant FoodWorks,SHORT,412.2999877929688,36.75418983579095,439.65,395.81,395.81,0.6,HIT STOP,440.1,2026-07-29 15:08:19,-6.32,Indian Stocks,Daily Reversal
2026-07-24 05:39:16,DEVYANI.NS,Devyani International,SHORT,109.87000274658205,35.41005515814648,114.85,105.48,105.48,0.88,HIT STOP,118.5,2026-07-29 15:08:19,-7.28,Indian Stocks,Daily Reversal
2026-07-24 05:39:49,RELIANCE.NS,Reliance Industries,SHORT,1272.199951171875,36.04672009341212,1345.9,1221.31,1221.31,0.69,OPEN,,,-2.72,Indian Stocks,Daily Reversal
2026-07-24 05:40:02,BTC-USD,Bitcoin,SHORT,65255.55078125,55.77055476093973,66910.06,62645.33,62645.33,1.58,OPEN,,,2.93,Crypto,Daily Reversal
2026-07-24 08:39:02,TRENT.NS,Trent,SHORT,2895.5,39.53407028918,2938.7,2779.68,2779.68,2.68,HIT STOP,3005.2,2026-07-29 15:08:19,-3.65,Indian Stocks,Daily Reversal
2026-07-24 11:29:31,BTC-USD,Bitcoin,SHORT,64920.2890625,44.10201678649987,65756.76,64108.79,64108.79,0.97,HIT TARGET,63695.9,2026-07-28 20:02:59,1.92,Crypto,Reversal 1H
2026-07-24 11:32:51,AHLUCONT.NS,Ahluwalia Contracts,SHORT,828.0999755859375,40.26325503447763,885.0,794.98,794.98,0.58,OPEN,,,0.98,Indian Stocks,Daily Reversal
2026-07-24 16:05:39,SI=F,Silver,SHORT,58.3650016784668,52.20765094573218,58.95,57.64,57.64,1.24,HIT STOP,59.78,2026-07-27 00:20:48,-2.37,Global Indices,Reversal 1H
2026-07-24 19:47:13,CL=F,US Oil,SHORT,89.02999877929688,35.8121240212852,91.04,87.68,83.01,0.67,HIT TARGET,84.65,2026-07-27 00:20:48,5.17,Global Indices,RSI Wave
2026-07-24 21:42:54,GC=F,Gold,SHORT,4054.300048828125,44.14963368257209,4085.2,4003.62,4003.62,1.64,HIT STOP,4091.2,2026-07-27 00:20:48,-0.9,Global Indices,Reversal 1H
2026-07-24 21:42:56,SI=F,Silver,SHORT,58.470001220703125,48.902518729801855,59.29,57.74,57.74,0.89,HIT STOP,59.78,2026-07-27 00:20:48,-2.19,Global Indices,Reversal 1H
2026-07-25 11:11:08,TRENT.NS,Trent,SHORT,2890.5,39.518331034613965,2935.0,2774.88,2774.88,2.6,HIT STOP,3005.2,2026-07-29 15:08:19,-3.82,Indian Stocks,Daily Reversal
2026-07-26 06:35:46,BTC-USD,Bitcoin,LONG,64487.98046875,65.0968086192207,64232.18,64524.49,65255.38,0.14,HIT TARGET,64601.91,2026-07-26 22:49:50,0.18,Crypto,RSI Wave
2026-07-26 18:12:12,BTC-USD,Bitcoin,LONG,64655.5390625,72.01588065968029,49578.89,65463.73,65463.73,0.05,OPEN,,,-1.94,Crypto,Reversal 1H
2026-07-27 02:09:18,GC=F,Gold,LONG,4098.39990234375,66.45226748452635,4069.94,4099.0,4183.78,0.02,HIT STOP,4027.9,2026-07-28 20:02:59,-1.72,Global Indices,RSI Wave
2026-07-27 06:47:18,^STI,SIGI30,LONG,5600.64990234375,72.00841329492819,5569.42,5603.77,5694.35,0.1,HIT TARGET,5619.22,2026-07-28 20:02:59,0.33,Global Indices,RSI Wave
2026-07-27 06:47:30,DX-Y.NYB,Dollar Index,SHORT,101.21499633789062,35.55083697807032,101.38,101.13,100.73,0.52,HIT STOP,101.39,2026-07-28 20:02:59,-0.17,Global Indices,RSI Wave
2026-07-27 06:47:38,JPY=X,USD/JPY,SHORT,163.57400512695312,39.95700020146429,163.79,163.45,162.93,0.58,HIT STOP,163.81,2026-07-28 20:02:59,-0.14,Global Indices,RSI Wave
2026-07-27 10:41:47,GC=F,Gold,LONG,4091.800048828125,57.475199683366384,2089.0,4142.95,4142.95,0.03,HIT TARGET,4143.0,2026-07-29 20:23:14,1.25,Global Indices,Reversal 1H
2026-07-27 14:35:17,GC=F,Gold,SHORT,4085.5,54.55133321078192,4108.3,4034.43,4034.43,2.24,HIT TARGET,4027.9,2026-07-28 20:02:59,1.43,Global Indices,Reversal 1H
2026-07-27 17:49:50,SI=F,Silver,SHORT,58.8650016784668,42.202790244983305,60.1,58.13,58.13,0.6,HIT TARGET,57.35,2026-07-28 20:02:59,2.64,Global Indices,Reversal 1H
2026-07-27 17:50:00,EURUSD=X,EUR/USD,SHORT,1.1377859115600586,35.9682344236941,1.1396,1.137,1.1324,0.43,HIT STOP,1.14,2026-07-29 16:01:19,-0.16,Global Indices,RSI Wave
2026-07-27 17:50:02,EURUSD=X,EUR/USD,SHORT,1.1377859115600586,35.9682344236941,1.1421,1.1236,1.1236,3.29,HIT STOP,1.14,2026-07-29 20:03:37,-0.44,Global Indices,Reversal 1H
2026-07-27 17:50:20,BTC-USD,Bitcoin,SHORT,64509.76171875,38.19344141462961,65654.87,63703.39,63703.39,0.7,HIT TARGET,63695.9,2026-07-28 20:02:59,1.28,Crypto,Reversal 1H
2026-07-27 19:51:20,EURUSD=X,EUR/USD,SHORT,1.1373976469039917,38.75721444642535,1.1406,1.1232,1.1232,4.43,HIT STOP,1.14,2026-07-29 20:03:37,-0.48,Global Indices,Reversal 1H
2026-07-27 21:48:49,SI=F,Silver,LONG,58.86000061035156,40.603192200364944,23.23,59.6,59.6,0.02,OPEN,,,-0.36,Global Indices,Reversal 1H
2026-07-27 21:50:21,TMUS,T-Mobile US,SHORT,177.75999450683594,45.0764833127124,198.86,170.65,170.65,0.34,OPEN,,,2.95,US Stocks,Daily Reversal
2026-07-27 21:52:11,AHLUCONT.NS,Ahluwalia Contracts,SHORT,,40.21742638783097,885.0,,,0.0,OPEN,,,,Indian Stocks,Daily Reversal
2026-07-27 21:52:20,TRENT.NS,Trent,SHORT,,39.518331034613965,2935.0,,,0.0,HIT STOP,3005.2,2026-07-29 15:08:19,,Indian Stocks,Daily Reversal
2026-07-27 21:52:31,JUBLFOOD.NS,Jubilant FoodWorks,SHORT,,39.11124880291087,439.65,,,0.0,HIT STOP,440.1,2026-07-29 15:08:19,,Indian Stocks,Daily Reversal
2026-07-27 21:52:33,DEVYANI.NS,Devyani International,SHORT,,41.414624011473045,114.85,,,0.0,HIT STOP,118.5,2026-07-29 15:08:19,,Indian Stocks,Daily Reversal
2026-07-28 01:16:19,BTC-USD,Bitcoin,SHORT,63708.16015625,26.225858097679435,64394.45,63545.85,61649.29,0.24,HIT STOP,64459.1,2026-07-29 15:51:18,-1.16,Crypto,RSI Wave
2026-07-28 01:16:21,BTC-USD,Bitcoin,SHORT,63708.16015625,26.225858097679435,65654.87,62911.81,62911.81,0.41,OPEN,,,0.49,Crypto,Reversal 1H
2026-07-28 08:36:30,^STI,SIGI30,LONG,5616.35009765625,65.05553749627552,5586.36,5620.68,5706.31,0.14,HIT TARGET,5704.54,2026-07-29 15:08:19,1.57,Global Indices,RSI Wave
2026-07-28 08:36:46,EURUSD=X,EUR/USD,SHORT,1.1373976469039917,39.58677055909677,1.1384,1.1232,1.1232,14.17,HIT STOP,1.14,2026-07-28 20:02:59,-0.17,Global Indices,Reversal 1H
2026-07-28 08:40:05,LODHA.NS,Macrotech Developers,LONG,1283.3499755859375,67.00863422742182,,,,,OPEN,,,-3.15,Indian Stocks,Weekly Confluence
2026-07-28 11:42:33,^NSEI,NIFTY 50,SHORT,23962.94921875,53.35192996915513,24041.0,23663.41,23663.41,3.84,HIT STOP,24242.0,2026-07-29 15:08:19,-1.15,Global Indices,Reversal 1H
2026-07-28 14:06:21,EURUSD=X,EUR/USD,SHORT,1.1367511749267578,39.47074626450759,1.1384,1.1357,1.1317,0.62,HIT STOP,1.14,2026-07-28 20:02:59,-0.23,Global Indices,RSI Wave
2026-07-28 17:28:39,^DJI,Dow Jones,LONG,52780.609375,69.71220688857261,52366.55,52831.68,54022.78,0.12,HIT STOP,52328.24,2026-07-29 15:32:23,-0.86,Global Indices,RSI Wave
2026-07-28 17:28:42,^RUT,Russell 2000,LONG,2938.63720703125,46.798869773453525,2927.78,2954.78,2954.78,1.49,HIT STOP,2927.63,2026-07-29 16:32:48,-0.37,Global Indices,EMA Reclaim
2026-07-28 17:29:19,EURUSD=X,EUR/USD,LONG,1.1398608684539795,64.26823422835793,1.1357,1.1403,1.1403,0.1,HIT TARGET,1.14,2026-07-29 20:03:37,0.26,Global Indices,EMA Reclaim
2026-07-28 17:29:24,GBPUSD=X,GBP/USD,LONG,1.3305304050445557,53.174285970330544,1.3274,1.3358,1.3358,1.69,HIT TARGET,1.34,2026-07-29 20:54:18,0.42,Global Indices,EMA Reclaim
2026-07-28 17:29:44,NZDUSD=X,NZD/USD,LONG,0.579407811164856,65.90525078234424,0.5764,0.5798,0.5798,0.13,HIT TARGET,0.58,2026-07-29 20:03:37,0.11,Global Indices,EMA Reclaim
2026-07-28 17:30:30,ICE,Intercontinental Exchange,LONG,152.94000244140625,72.41426162831354,46.15,159.06,159.06,0.06,OPEN,,,-0.29,US Stocks,Daily Reversal
2026-07-28 19:43:20,^GSPC,S&P 500,LONG,7433.8701171875,50.893435785514384,7376.0,7465.09,7465.09,0.54,HIT STOP,7373.82,2026-07-29 16:29:27,-0.81,Global Indices,EMA Reclaim
2026-07-28 19:43:45,HG=F,Copper,LONG,6.351500034332275,50.34083517875733,6.294,6.3682,6.3682,0.29,HIT STOP,6.29,2026-07-29 17:03:01,-0.94,Global Indices,EMA Reclaim
2026-07-28 19:44:10,AUDUSD=X,AUD/USD,LONG,0.6979827880859375,48.503082406193215,0.6966,0.6987,0.6987,0.51,HIT STOP,0.69,2026-07-29 15:08:19,-0.52,Global Indices,EMA Reclaim
2026-07-28 19:44:12,NZDUSD=X,NZD/USD,LONG,0.579005241394043,64.32211271688695,0.5777,0.58,0.583,0.76,HIT STOP,0.58,2026-07-29 16:48:00,-0.24,Global Indices,RSI Wave
2026-07-28 21:48:02,ETH-USD,Ethereum,SHORT,1915.3199462890625,56.76398968210124,1926.3,1891.38,1891.38,2.18,HIT TARGET,1891.1,2026-07-29 16:43:00,1.28,Global Indices,Reversal 1H
2026-07-29 01:17:10,CL=F,US Oil,LONG,83.05000305175781,59.13171385626088,77.78,83.33,83.33,0.05,HIT TARGET,84.66,2026-07-29 15:08:19,1.94,Global Indices,EMA Reclaim
2026-07-29 08:41:02,^NSEI,NIFTY 50,LONG,24240.44921875,74.09631941549554,24107.9,24247.45,24638.11,0.05,HIT TARGET,24296.6,2026-07-30 22:26:44,0.23,Global Indices,RSI Wave
2026-07-29 08:41:04,^NSEBANK,NIFTY Bank,LONG,57253.6015625,58.6964618463556,42106.35,57969.27,57969.27,0.05,OPEN,,,-0.07,Global Indices,Reversal 1H
2026-07-29 08:45:37,RELIANCE.NS,Reliance Industries,SHORT,1271.800048828125,40.16624671088357,1345.9,1220.93,1220.93,0.69,OPEN,,,-2.75,Indian Stocks,Daily Reversal
2026-07-29 11:46:15,GC=F,Gold,LONG,4092.89990234375,72.79626393932148,4060.72,4106.7,4189.45,0.43,HIT STOP,4060.7,2026-07-29 16:13:50,-0.79,Global Indices,RSI Wave
2026-07-29 11:46:20,SI=F,Silver,SHORT,58.06499862670898,56.07057876645352,58.46,57.34,57.34,1.84,HIT TARGET,57.29,2026-07-29 15:56:22,1.35,Global Indices,Reversal 1H
2026-07-29 11:47:00,BTC-USD,Bitcoin,LONG,64470.140625,65.97661849577827,49578.89,65276.02,65276.02,0.05,OPEN,,,-1.66,Global Indices,Reversal 1H
2026-07-29 11:48:15,TMUS,T-Mobile US,SHORT,,45.09884581863968,198.86,,,0.0,OPEN,,,,US Stocks,Daily Reversal
2026-07-29 11:50:25,DEEPAKNTR.NS,Deepak Nitrite,SHORT,1674.0,52.49765944136393,1755.98,1607.04,1607.04,0.82,OPEN,,,0.97,Indian Stocks,Daily Reversal
2026-07-29 17:17:28,SI=F,Silver,SHORT,57.22999954223633,37.6168380267939,58.46,56.51,56.51,0.59,HIT STOP,59.53,2026-07-30 22:26:44,-3.87,Global Indices,Reversal 1H
2026-07-29 17:17:36,CL=F,US Oil,LONG,85.19000244140625,74.52195779187244,83.14,85.57,91.35,0.19,HIT STOP,82.61,2026-07-31 03:13:58,-3.03,Global Indices,RSI Wave
2026-07-29 17:17:44,EURUSD=X,EUR/USD,SHORT,1.1386927366256714,45.11416826521814,1.1406,1.1245,1.1245,7.44,HIT STOP,1.15,2026-07-30 22:26:44,-1.25,Global Indices,Reversal 1H
2026-07-29 17:18:06,NZDUSD=X,NZD/USD,SHORT,0.5773005485534668,38.094124964514606,0.5795,0.5701,0.5701,3.27,HIT STOP,0.59,2026-07-30 22:26:44,-1.83,Global Indices,Reversal 1H
2026-07-29 19:24:46,GC=F,Gold,LONG,4100.39990234375,65.70951482701432,4066.12,4109.3,4203.23,0.26,HIT TARGET,4173.9,2026-07-30 22:26:44,1.79,Global Indices,RSI Wave
2026-07-29 19:25:35,ETH-USD,Ethereum,SHORT,1894.800048828125,41.91297219198879,1922.9,1871.12,1871.12,0.84,HIT STOP,1923.72,2026-07-31 00:08:06,-1.5,Global Indices,Reversal 1H
2026-07-30 14:00:19,JPY=X,USD/JPY,SHORT,162.88699340820312,33.430972541056065,163.31,162.26,161.61,1.47,HIT TARGET,159.5,2026-07-30 22:26:44,2.12,Global Indices,RSI Wave
2026-07-30 18:43:40,^NDX,NASDAQ 100,LONG,27941.71875,46.9178406050235,27179.33,28888.15,28888.15,1.24,OPEN,,,1.19,Global Indices,EMA Reclaim
2026-07-31 06:32:53,^N225,Nikkei 225,LONG,64118.33984375,50.9327458533027,60448.9,66001.08,66001.08,0.51,OPEN,,,0.28,Global Indices,EMA Reclaim
2026-07-31 06:32:55,^KS11,KOSPI,LONG,6384.9599609375,49.92734219402588,5262.77,7164.18,7164.18,0.69,OPEN,,,3.69,Global Indices,EMA Reclaim
2026-07-31 06:33:41,BTC-USD,Bitcoin,SHORT,64237.28125,48.88864390290272,65329.57,63434.32,63434.32,0.74,HIT TARGET,63374.85,2026-08-03 00:39:04,1.36,Global Indices,Reversal 1H
2026-07-31 06:33:53,GC=F,Gold,LONG,4134.39990234375,46.63691463541621,3962.5,4283.42,4283.42,0.87,OPEN,,,-0.28,Global Indices,Daily EMA Reclaim
2026-07-31 10:07:12,JPY=X,USD/JPY,SHORT,160.3560028076172,34.61706897663312,161.28,157.92,157.59,2.63,HIT TARGET,157.4,2026-08-02 23:54:20,1.88,Global Indices,RSI Wave
2026-07-31 13:34:55,ETH-USD,Ethereum,SHORT,1881.3199462890625,39.87686695213234,1934.0,1857.8,1857.8,0.45,OPEN,,,-0.03,Global Indices,Reversal 1H
2026-07-31 16:29:29,SI=F,Silver,SHORT,57.470001220703125,39.93168237294972,58.99,56.75,56.75,0.47,OPEN,,,-2.01,Global Indices,Reversal 1H
2026-07-31 16:30:11,BTC-USD,Bitcoin,SHORT,62587.19140625,32.30829564429524,64429.15,61804.85,61804.85,0.42,OPEN,,,-1.28,Global Indices,Reversal 1H
2026-07-31 16:30:14,ETH-USD,Ethereum,SHORT,1860.52001953125,32.49562597238089,1886.82,1846.26,1781.63,0.54,HIT STOP,1889.12,2026-08-02 23:54:20,-1.51,Global Indices,RSI Wave
2026-07-31 16:30:17,ETH-USD,Ethereum,SHORT,1860.52001953125,32.49562597238089,1909.65,1837.26,1837.26,0.47,OPEN,,,-1.13,Global Indices,Reversal 1H
2026-08-01 22:14:44,BTC-USD,Bitcoin,SHORT,62499.44140625,31.75924770146767,63080.53,61718.2,61718.2,1.34,HIT STOP,63543.7,2026-08-02 23:54:20,-1.64,Global Indices,Reversal 1H
2026-08-01 22:14:47,ETH-USD,Ethereum,SHORT,1836.0699462890625,28.77542916928681,1852.71,1820.66,1786.16,0.93,HIT STOP,1889.12,2026-08-02 23:54:20,-2.81,Global Indices,RSI Wave
2026-08-02 08:43:06,GC=F,Gold,LONG,4107.0,45.58617998556099,3962.5,4283.16,4283.16,1.22,OPEN,,,0.39,Global Indices,Daily EMA Reclaim
2026-08-03 06:39:23,^N225,Nikkei 225,LONG,63783.4296875,49.713555932776735,63172.87,65845.75,65845.75,3.38,OPEN,,,,Global Indices,EMA Reclaim
2026-08-03 10:39:41,ETH-USD,Ethereum,SHORT,1832.1800537109373,36.39084222641148,1895.86,1809.28,1809.28,0.36,OPEN,,,,Global Indices,Reversal 1H
2026-08-03 21:51:46,JPY=X,USD/JPY,SHORT,156.906005859375,34.30493666114768,157.89,155.21,153.97,1.73,OPEN,,,,Global Indices,RSI Wave
2026-08-03 23:16:16,JPY=X,USD/JPY,LONG,157.14999389648438,40.76954786748674,155.21,161.14,161.14,2.06,OPEN,,,,Global Indices,EMA Reclaim
2026-08-04 01:15:31,BTC-USD,Bitcoin,SHORT,63500.46875,54.70025785533721,64018.9,62706.71,62706.71,1.53,OPEN,,,,Global Indices,Reversal 1H
2026-08-04 05:31:11,CL=F,US Oil,LONG,81.08000183105469,48.31905162653458,78.43,82.69,82.69,0.61,OPEN,,,,Global Indices,EMA Reclaim
2026-08-04 14:10:17,CL=F,US Oil,SHORT,76.94000244140625,33.52706735857109,82.33,75.98,75.98,0.18,OPEN,,,,Global Indices,Reversal 1H
2026-08-05 05:26:07,^KS11,KOSPI,LONG,6616.60986328125,54.14631703656955,6139.88,7040.59,7040.59,0.89,OPEN,,,,Global Indices,EMA Reclaim
2026-08-05 08:39:01,GC=F,Gold,LONG,4226.10009765625,50.46314397041118,3962.5,4277.73,4277.73,0.2,OPEN,,,,Global Indices,Daily EMA Reclaim
2026-08-05 08:39:02,SI=F,Silver,LONG,61.76499938964844,47.709660500736135,55.01,65.21,65.21,0.51,OPEN,,,,Global Indices,Daily EMA Reclaim
2026-08-05 11:45:02,BTC-USD,Bitcoin,LONG,64105.98046875,48.37127830149942,62226.58,72566.2,72566.2,4.5,OPEN,,,,Global Indices,Daily EMA Reclaim
2026-08-05 14:08:03,CL=F,US Oil,LONG,76.08999633789062,42.34294752018104,74.24,81.14,81.14,2.73,OPEN,,,,Global Indices,EMA Reclaim
2026-08-06 05:29:36,CL=F,US Oil,LONG,75.44999694824219,43.58103086117288,74.45,80.27,80.27,4.82,OPEN,,,,Global Indices,EMA Reclaim
2026-08-06 14:10:50,CL=F,US Oil,LONG,75.72000122070312,46.44672187509519,74.57,79.84,79.84,3.58,OPEN,,,,Global Indices,EMA Reclaim
2026-08-07 02:12:19,BTC-USD,Bitcoin,SHORT,64287.94921875,48.99471053383604,64925.46,63484.35,63484.35,1.26,OPEN,,,,Global Indices,Reversal 1H
2026-08-07 11:12:49,CL=F,US Oil,SHORT,77.5999984741211,54.562271712521344,78.77,76.63,76.63,0.83,OPEN,,,,Global Indices,Reversal 1H
2026-08-07 15:24:58,JPY=X,USD/JPY,SHORT,157.34800720214844,34.10394729301474,157.85,156.65,155.84,1.38,OPEN,,,,Global Indices,RSI Wave
2026-08-07 17:04:24,CL=F,US Oil,LONG,77.83999633789062,54.283435879874894,76.57,79.35,79.35,1.19,OPEN,,,,Global Indices,EMA Reclaim
2026-08-07 19:56:33,HG=F,Copper,SHORT,6.5929999351501465,34.68376534475331,6.6591,6.5835,6.3948,0.14,OPEN,,,,Global Indices,RSI Wave
2026-08-10 01:41:54,ETH-USD,Ethereum,SHORT,1909.6099853515625,47.42854358300863,1935.9,1885.74,1885.74,0.91,OPEN,,,,Global Indices,Reversal 1H
2026-08-10 08:18:18,CL=F,US Oil,SHORT,78.26000213623047,53.37949443305171,79.27,77.28,77.28,0.97,OPEN,,,,Global Indices,Reversal 1H
2026-08-10 15:37:21,JPY=X,USD/JPY,LONG,158.9459991455078,65.71464994857087,139.57,160.93,160.93,0.1,OPEN,,,,Global Indices,Reversal 1H
2026-08-10 15:37:38,BTC-USD,Bitcoin,SHORT,64734.44140625,44.2501157367825,65319.27,63925.26,63925.26,1.38,OPEN,,,,Global Indices,Reversal 1H
2026-08-10 17:11:23,ETH-USD,Ethereum,SHORT,1889.2099609375,33.60159362188432,1929.42,1865.59,1865.59,0.59,OPEN,,,,Global Indices,Reversal 1H
2026-08-10 19:04:40,BTC-USD,Bitcoin,SHORT,63787.8984375,27.56396352963803,65317.08,62990.55,62990.55,0.52,OPEN,,,,Global Indices,Reversal 1H
2026-08-11 04:21:46,^KS11,KOSPI,LONG,6345.6298828125,50.06798488998737,6158.73,6892.1,6892.1,2.92,OPEN,,,,Global Indices,EMA Reclaim
2026-08-11 17:11:40,BTC-USD,Bitcoin,SHORT,63709.41015625,35.000716029168686,64434.71,62913.04,62913.04,1.1,OPEN,,,,Global Indices,Reversal 1H
2026-08-11 19:08:54,ETH-USD,Ethereum,SHORT,1861.760009765625,34.61968451519046,1896.29,1838.49,1838.49,0.67,OPEN,,,,Global Indices,Reversal 1H
2026-08-12 12:18:01,NZDUSD=X,NZD/USD,SHORT,0.5859603881835938,33.54063963173921,0.587,0.5858,0.5829,0.17,OPEN,,,,Global Indices,RSI Wave
2026-08-12 17:09:27,BTC-USD,Bitcoin,SHORT,63392.91015625,37.15652275132998,64383.84,62600.5,62600.5,0.8,OPEN,,,,Global Indices,Reversal 1H
2026-08-12 17:09:31,ETH-USD,Ethereum,SHORT,1889.18994140625,48.25413120527849,1921.93,1865.58,1865.58,0.72,OPEN,,,,Global Indices,Reversal 1H
2026-08-13 07:00:30,NZDUSD=X,NZD/USD,SHORT,0.5833625197410583,28.37809559047858,0.5847,0.5829,0.5793,0.33,OPEN,,,,Global Indices,RSI Wave
2026-08-13 19:07:46,BTC-USD,Bitcoin,SHORT,63031.23828125,37.59073584061252,63931.24,62243.35,62243.35,0.88,OPEN,,,,Global Indices,Reversal 1H
2026-08-14 04:37:34,GC=F,Gold,SHORT,4371.89990234375,33.08166275520016,4409.78,4365.5,4258.25,0.17,OPEN,,,,Global Indices,RSI Wave
2026-08-14 10:24:49,BTC-USD,Bitcoin,SHORT,62713.62890625,35.16863192984509,63581.39,61929.71,61929.71,0.9,OPEN,,,,Global Indices,Reversal 1H
2026-08-14 17:02:42,ETH-USD,Ethereum,SHORT,1865.280029296875,39.19605758093862,1883.78,1841.96,1841.96,1.26,OPEN,,,,Global Indices,Reversal 1H
2026-08-14 19:06:01,ETH-USD,Ethereum,LONG,1882.9100341796875,51.22798558992642,1873.35,2131.51,2131.51,26.0,OPEN,,,,Global Indices,Daily EMA Reclaim
2026-08-15 05:01:45,ETH-USD,Ethereum,LONG,1883.25,51.2516771322009,1873.35,2131.53,2131.53,25.07,OPEN,,,,Global Indices,Daily EMA Reclaim
2026-08-15 06:41:42,ETH-USD,Ethereum,LONG,1883.4599609375,51.26631984164956,1873.35,2131.53,2131.53,24.53,OPEN,,,,Global Indices,Daily EMA Reclaim
2026-08-17 00:32:55,BTC-USD,Bitcoin,SHORT,62729.859375,39.78602506285628,63312.77,61945.74,61945.74,1.35,OPEN,,,,Global Indices,Reversal 1H
2026-08-17 10:56:05,BTC-USD,Bitcoin,SHORT,63314.9609375,58.60089676487809,63653.42,62523.52,62523.52,2.34,OPEN,,,,Global Indices,Reversal 1H
2026-08-17 15:02:03,BTC-USD,Bitcoin,SHORT,63453.12890625,58.043035240890994,63713.21,62659.96,62659.96,3.05,OPEN,,,,Global Indices,Reversal 1H
2026-08-18 05:05:46,ETH-USD,Ethereum,SHORT,1892.1600341796875,48.65635221511992,1916.79,1868.51,1868.51,0.96,OPEN,,,,Global Indices,Reversal 1H
2026-08-18 09:49:11,BTC-USD,Bitcoin,LONG,64149.30078125,49.14865203817635,62487.7,71513.81,71513.81,4.43,OPEN,,,,Global Indices,Daily EMA Reclaim
2026-08-18 09:49:12,ETH-USD,Ethereum,LONG,1897.1099853515625,52.097444896138775,1862.56,2122.11,2122.11,6.51,OPEN,,,,Global Indices,Daily EMA Reclaim
