Ticker,Name,Country,Fundamental Score,ROE %,Sales Growth %,Profit Growth %,Profit Margin %,Debt/Equity,Trailing PE,Forward PE,Trailing EPS,Forward EPS,Improving Score,Revenue Trend,Earnings Trend,Margin Trend,ROE Trend,EPS Trend,Analyst Trend,Was Loss Now Profit,Latest Net Income,Latest Revenue,Latest EPS (Quarterly),Previous EPS (Quarterly)
MAXHEALTH.NS,Max Healthcare,India,76,14.333001000000001,12.2,7.3999999999999995,17.226,32.367,74.43236,45.085983,14.71,24.28471,1,up,flat,flat,flat,flat,flat,False,3422200000.0,21428900000.0,3.5,3.09
APOLLOHOSP.NS,Apollo Hospitals,India,80,21.503,18.099999999999998,35.6,7.696,85.146,65.86938,41.50167,135.04,214.32872,3,up,up,up,flat,up,flat,False,5293000000.0,66055000000.0,36.76,34.94
NH.NS,Narayana Hrudayalaya,India,76,19.845,75.8,13.5,10.203,129.033,50.990494,29.064844,39.98,70.13972,2,up,flat,flat,flat,flat,up,False,2238780000.0,25938060000.0,11.02,6.24
RAINBOW.NS,Rainbow Children's Medicare,India,87,17.941,24.3,39.1,16.341998999999998,53.558,53.98108,39.091766,27.48,37.94661,2,up,flat,flat,flat,flat,up,False,770430000.0,4599010000.0,7.59,7.14
LALPATHLAB.NS,Dr Lal PathLabs,India,74,21.473,16.6,-15.4,18.270001,7.83,56.460262,41.34927,30.2,41.23652,4,up,up,up,flat,flat,up,False,1313000000.0,7027000000.0,7.85,5.41
VIJAYA.NS,Vijaya Diagnostic,India,90,19.698,26.6,38.0,21.245001,44.15,80.411446,51.1959,16.77,26.34,2,up,up,up,flat,up,down,False,479293000.0,2193767000.0,4.65,4.19
SUNPHARMA.NS,Sun Pharmaceutical,India,84,14.719999999999999,12.8,25.1,19.635999,5.517,40.71219,30.14266,47.74,64.48004,0,flat,flat,down,flat,flat,up,False,27140300000.0,145597500000.0,11.3,14.0
DIVISLAB.NS,Divi's Laboratories,India,81,16.187,9.5,13.600000000000001,24.318,0.042,76.273476,52.216167,96.39,140.7993,3,up,up,flat,flat,up,up,False,7510000000.0,28310000000.0,28.31,21.98
TORNTPHARM.NS,Torrent Pharmaceuticals,India,68,16.986,41.8,-21.7,15.475,85.446,76.56534,52.012634,63.82,93.9464,4,up,up,up,flat,up,up,False,3890000000.0,41280000000.0,11.51,18.77
CIPLA.NS,Cipla,India,56,11.736,-2.1,-54.6,13.939999,1.778,30.06048,22.706934,47.95,63.47841,-1,flat,down,down,flat,down,up,False,5546400000.0,64642600000.0,6.86,8.36
HDFCBANK.NS,HDFC Bank,India,81,13.838000000000001,16.6,18.099999999999998,26.787,,17.407986,12.39621,44.83,62.95473,1,flat,flat,flat,flat,flat,up,False,162579100000.0,853464600000.0,10.56,12.26
ICICIBANK.NS,ICICI Bank,India,78,16.073999,11.4,13.8,25.14,,19.429222,15.841501,74.81,91.75267,0,up,flat,flat,down,up,flat,False,147550600000.0,625668500000.0,20.36,17.29
SBIN.NS,State Bank of India,India,64,15.476999999999999,7.1,-3.1,22.114,,11.422618,10.199759,91.17,102.10046,-2,down,up,down,flat,up,down,False,196428700000.0,1011255900000.0,21.28,23.09
HDFCLIFE.NS,HDFC Life,India,69,10.8009994,15.2,11.899999999999999,1.8950000000000002,15.842,61.708656,47.20724,9.13,11.93461,1,flat,up,down,flat,up,up,False,6111900000.0,337267900000.0,2.83,2.3
SBILIFE.NS,SBI Life,India,39,13.697000000000001,-82.19999999999999,-1.0999999999999999,2.1999999999999997,,73.44129,52.16844,24.7,34.77198,1,up,flat,flat,flat,flat,flat,False,8046400000.0,40949200000.0,8.02,5.75
ICICIPRULI.NS,ICICI Prudential Life,India,74,12.579,12.5,28.499999999999996,2.557,18.052,43.03955,34.999775,11.63,14.30152,1,flat,flat,flat,flat,flat,up,False,3861800000.0,285127100000.0,2.66,4.30497
BSE.NS,BSE,India,99,36.003,105.1,64.0,48.729,0.0,60.397213,37.520683,60.17,96.85591,0,up,up,down,flat,up,down,False,7973300000.0,15635100000.0,19.35,14.61
MCX.NS,MCX,India,100,37.883,200.0,291.2,54.818,0.113,54.103447,34.49187,52.2,81.88016,0,up,up,down,flat,flat,down,False,5297700000.0,8889400000.0,20.78,3.146
CDSL.NS,CDSL,India,70,23.913,4.2,-19.900000000000002,36.923,0.11,64.28571,46.191063,21.84,30.39549,-2,flat,flat,down,flat,flat,down,False,802196000.0,2628480000.0,3.84,6.38
CAMS.NS,CAMS,India,88,38.694,11.0,10.7,31.394,4.863,39.890343,29.416782,19.15,25.96817,-2,down,down,down,flat,up,up,False,1264333000.0,3952202000.0,5.08,5.04
ABB.NS,ABB India,India,83,,0.8,276.0,22.256999999999998,1.082,101.53616,73.3409,73.56,101.83949,-1,flat,flat,flat,flat,flat,down,False,17836500000.0,31624100000.0,84.18,20.43
SIEMENS.NS,Siemens India,India,65,,14.6,-36.4,9.4569996,2.213,76.78722,52.83987,47.56,69.11448,-1,up,flat,down,flat,down,down,False,3701000000.0,46175000000.0,10.4,7.8
CUMMINSIND.NS,Cummins India,India,91,29.455,21.9,22.7,19.448999999999998,0.431,64.83704,46.32846,84.99,118.94417,-1,flat,flat,flat,flat,flat,down,False,6494600000.0,29632000000.0,23.43,17.53
KEI.NS,KEI Industries,India,81,14.753,18.7,25.5,7.818,3.796,51.008633,35.67787,96.17,137.49419,2,up,up,up,flat,up,down,False,2843120000.0,34763960000.0,29.72,24.55
POLYCAB.NS,Polycab India,India,89,,39.0,32.5,9.184000000000001,2.558,46.79937,35.099598,189.65,252.86613,0,flat,up,flat,flat,flat,down,False,7843370000.0,82097320000.0,51.94,52.0
HAL.NS,Hindustan Aeronautics,India,77,23.979001,1.7999999999999998,5.5,27.549,0.027,32.90753,26.81639,136.37,167.34543,2,up,up,down,flat,up,up,False,41960800000.0,139424000000.0,62.74,27.91
BEL.NS,Bharat Electronics,India,82,27.556000000000004,11.700000000000001,4.5,21.956,0.273,49.34099,35.85771,8.27,11.3797,3,up,up,flat,flat,up,up,False,22252200000.0,102244300000.0,3.04,2.16
BDL.NS,Bharat Dynamics,India,51,10.190000000000001,-73.0,-58.4,17.214,0.007,110.245186,40.489906,11.42,31.09417,-2,down,flat,flat,flat,flat,down,False,1131821000.0,4886234000.0,3.09,1.99
MAZDOCK.NS,Mazagon Dock Shipbuilders,India,94,28.77,21.3,109.00000000000001,19.863,4.481,36.601,28.730257,63.96,81.48204,2,up,flat,flat,flat,flat,up,False,6791800000.0,38503900000.0,16.84,21.81
COCHINSHIP.NS,Cochin Shipyard,India,56,12.517,-15.6,-3.8,14.272000000000002,28.466,51.492645,31.687782,27.2,44.2,3,up,flat,up,flat,flat,up,False,2764844000.0,14842781000.0,10.51,5.5
GRSE.NS,Garden Reach Shipbuilders,India,89,31.791002000000002,29.099999999999998,24.2,10.6809996,1.424,42.818424,30.655954,60.14,84.0,2,up,up,down,flat,up,up,False,1707727000.0,18956931000.0,14.91,10.49
DATAPATTNS.NS,Data Patterns,India,72,16.73,-13.0,21.2,29.345,0.304,83.46154,50.71424,48.62,80.015,1,flat,up,flat,flat,up,flat,False,1383800000.0,3448500000.0,24.71,10.42
ASTRAMICRO.NS,Astra Microwave,India,87,15.994,19.7,43.9,16.595,21.883,84.93353,53.36014,20.31,32.3275,2,up,up,up,flat,up,down,False,1059781000.0,4882433000.0,11.14,4.92
PARAS.NS,Paras Defence,India,89,13.137999,57.9,74.6,18.486,3.731,108.16271,71.283134,10.94,16.6,1,up,flat,flat,flat,flat,flat,False,343800000.0,1713100000.0,4.27,2.26
ZENTEC.NS,Zen Technologies,India,55,11.828,-45.2,-68.8,28.131,0.95,81.02362,33.396336,21.59,52.38,2,up,flat,flat,flat,flat,up,False,315331000.0,1780756000.0,3.51,6.09
PREMEXPLN.NS,Premier Explosives,India,87,17.044999999999998,20.4,74.3,11.797,11.133,78.458824,42.208862,8.5,15.8,2,up,up,flat,flat,up,flat,False,65797000.0,892087000.0,1.22,1.13
BHARATFORG.NS,Bharat Forge,India,59,11.603,17.5,-17.9,6.422,76.475,96.6977,44.326527,22.56,49.21432,-1,up,flat,down,flat,flat,down,False,2325650000.0,45280430000.0,4.86,5.53
TARIL.NS,Transformers & Rectifiers,India,72,19.334999,15.7,-4.1000000000000005,10.539,29.595,37.173664,26.411291,8.81,12.4,0,flat,flat,flat,flat,flat,flat,False,892800000.0,7826700000.0,2.974356,2.46
VOLTAMP.NS,Voltamp Transformers,India,60,18.073,-1.2,-50.5,14.155999999999999,0.03,31.548782,24.483416,301.85,388.95715,-3,flat,down,down,flat,down,down,False,479027000.0,6172259000.0,47.35,97.94
SKIPPER.NS,Skipper,India,81,15.878998999999999,29.4,62.3,3.8379999999999996,63.557,28.446447,17.532679,18.86,30.6,1,up,flat,flat,flat,flat,flat,False,780570000.0,16665820000.0,6.96,4.63
KSB.NS,KSB,India,55,,1.0,-23.200000000000003,9.575,0.31,61.51147,39.894966,14.82,22.85,-1,flat,flat,down,flat,flat,flat,False,398000000.0,6013000000.0,2.28,4.65
KIRLOSENG.NS,Kirloskar Oil Engines,India,72,16.819,20.7,21.2,7.445,154.864,57.204,37.640812,39.02,59.3,3,up,up,up,flat,up,flat,False,1586000000.0,21162300000.0,10.86,7.64
ELECON.NS,Elecon Engineering,India,58,,6.1,-59.8,9.852,11.824,44.24573,19.84468,10.54,23.5,0,flat,flat,flat,flat,flat,flat,False,703500000.0,5205600000.0,3.14,0.27
THERMAX.NS,Thermax,India,73,13.691,11.1,18.7,6.737,42.166,73.76703,48.737446,63.87,96.67105,0,up,flat,flat,flat,flat,down,False,2442800000.0,34280400000.0,21.68,18.12
CGPOWER.NS,CG Power,India,86,19.561,25.0,30.5,9.714,1.446,118.524055,65.26702,7.69,13.96494,3,up,up,flat,flat,up,up,False,3654900000.0,34417600000.0,2.32,1.81
BHEL.NS,BHEL,India,84,,40.300000000000004,,6.758,31.312,59.486446,30.495096,7.01,13.67433,1,flat,flat,flat,flat,flat,up,True,3767100000.0,76977200000.0,1.08,3.71
DIXON.NS,Dixon Technologies,India,60,37.133,2.1,-36.1,2.944,18.457,53.8847,53.29717,269.39,272.35968,0,down,flat,flat,flat,flat,up,False,2564100000.0,105105100000.0,48.81,52.62
KAYNES.NS,Kaynes Technology,India,64,9.568,26.200000000000003,-26.3,10.035,19.168,61.830856,37.231396,54.51,90.52575,0,up,up,down,flat,flat,down,False,912230000.0,12426380000.0,13.23,11.2
SYRMA.NS,Syrma SGS Technology,India,84,14.142999,58.4,43.7,6.593999999999999,13.045,80.02967,46.363117,16.85,29.08562,0,up,flat,flat,flat,flat,down,False,1011940000.0,14650120000.0,5.28,5.33
AVALON.NS,Avalon Technologies,India,86,16.943,40.0,69.0,6.92,29.503,101.81065,51.715126,16.9,33.27073,2,up,up,up,flat,up,down,False,411510000.0,4798910000.0,6.14,4.86
CYIENTDLM.NS,Cyient DLM,India,43,7.4719999999999995,-13.8,-27.500000000000004,5.809,17.021,63.07775,35.749237,9.26,16.33881,2,flat,up,up,flat,up,flat,False,224410000.0,3690770000.0,2.83,1.41
PGEL.NS,PG Electroplast,India,41,6.69,-10.100000000000001,-56.99999999999999,3.717,19.567,88.3526,36.955017,6.92,16.54444,0,flat,flat,down,flat,flat,up,False,648638000.0,17166752000.0,2.27,2.14
AMBER.NS,Amber Enterprises,India,61,5.583,10.5,11.0,1.4579999,46.566,157.13713,40.158325,49.95,195.45139,-1,flat,flat,flat,flat,flat,down,True,1338780000.0,41475199000.0,37.89,-7.75
ELIN.NS,Elin Electronics,India,56,4.143,2.7,,1.754,2.969,22.739225,,4.64,,-2,flat,down,down,flat,down,flat,False,-7630000.0,3166630000.0,-0.16,0.75
NTPC.NS,NTPC,India,62,13.694999999999999,8.0,-1.6,14.437,118.127,11.392176,12.236451,30.42,28.32112,1,flat,flat,flat,flat,flat,up,False,104864700000.0,496877700000.0,10.81,5.66
NHPC.NS,NHPC,India,81,9.020999999999999,19.2,70.6,32.421002,113.111,28.98917,12.546875,2.77,6.4,2,up,up,flat,flat,up,flat,False,14601600000.0,28155300000.0,1.45,0.22
SJVN.NS,SJVN,India,63,4.514,196.70000000000002,,14.179,226.528,42.42945,14.3943,1.63,4.80468,1,up,flat,flat,flat,flat,flat,False,-1179800000.0,14964700000.0,-0.3,0.57
JSWENERGY.NS,JSW Energy,India,57,8.817001,41.0,-11.700000000000001,11.847000000000001,229.16,44.555817,32.389194,12.72,17.49812,0,up,flat,flat,flat,flat,down,False,3715700000.0,44985800000.0,2.07,2.41
ADANIPOWER.NS,Adani Power,India,78,20.908001000000002,-0.1,88.8,23.662001,82.332,32.97587,27.382523,6.63,7.98429,1,flat,flat,flat,flat,flat,up,False,40170800000.0,142230900000.0,2.08,1.29
ADANIGREEN.NS,Adani Green Energy,India,65,7.576,14.299999999999999,209.79999999999998,12.715000000000002,346.548,156.01653,49.475887,9.69,30.5563,1,up,flat,flat,flat,flat,flat,True,3970000000.0,35020000000.0,2.33,-0.38
WAAREEENER.NS,Waaree Energies,India,94,31.570998,111.80000000000001,71.2,13.986,21.402,22.029154,16.276176,128.97,174.55574,3,up,up,flat,flat,up,up,False,10611000000.0,84802500000.0,36.84,36.89
PREMIERENE.NS,Premier Energies,India,92,42.333,37.6,64.7,19.296,86.005,32.435402,22.46607,33.67,48.61108,3,up,up,up,flat,up,flat,False,4568250000.0,22303030000.0,10.14,8.72
ATGL.NS,Adani Total Gas,India,74,14.456000999999999,16.1,8.4,11.124,58.65,119.840065,,5.94,,3,up,up,up,flat,up,flat,False,1683400000.0,15572200000.0,1.53,1.44
FINCABLES.NS,Finolex Cables,India,80,12.325999999999999,22.400000000000002,17.1,11.291,0.314,21.739132,15.014793,46.69,67.6,0,flat,up,flat,flat,up,down,False,2244300000.0,19510800000.0,14.67,10.73
RRKABEL.NS,R R Kabel,India,84,20.826,33.6,30.0,5.0630003,13.092,52.474182,33.400246,43.57,68.45159,4,up,up,up,flat,up,up,False,1679512000.0,29641413000.0,14.85,10.45
POWERINDIA.NS,Hitachi Energy India,India,91,21.040001999999998,46.2,71.8,12.124,1.663,146.16844,67.518654,221.32,479.12686,1,up,up,flat,flat,up,down,False,3304600000.0,27073500000.0,74.14,58.65
BLUESTARCO.NS,Blue Star,India,68,16.222,1.3,17.1,4.255,23.588,66.24415,40.627907,25.64,41.80624,1,flat,flat,flat,flat,flat,up,False,2270500000.0,40720600000.0,11.05,3.92
VOLTAS.NS,Voltas,India,48,5.7189997,2.5,-51.800000000000004,2.6390000000000002,15.51,118.05434,40.081505,11.41,33.60652,-2,flat,flat,down,flat,flat,down,False,1161800000.0,48435400000.0,3.51,2.57
RVNL.NS,RVNL,India,51,8.981,4.2,-59.099999999999994,4.285,49.078,53.82339,36.669918,4.19,6.15,0,flat,flat,flat,flat,flat,flat,False,1870700000.0,66959100000.0,0.9,1.55
IRCON.NS,IRCON International,India,46,9.084,-6.5,-8.799999999999999,6.565,85.833,20.47943,15.31716,6.32,8.45,1,up,down,flat,flat,down,up,False,1916000000.0,31889800000.0,2.04,1.07
RAILTEL.NS,RailTel Corporation,India,83,16.253999999999998,27.6,25.3,8.096,2.817,29.828108,19.73244,9.89,14.95,1,up,down,up,flat,down,flat,False,624000000.0,9134500000.0,1.94,2.06
TITAGARH.NS,Titagarh Rail Systems,India,41,4.9200002,-12.9,-18.8,3.8599998,25.363,94.2082,24.07642,9.03,35.33333,3,up,up,up,flat,up,flat,True,539600000.0,8754300000.0,3.97,3.58
JWL.NS,Jupiter Wagons,India,42,5.768,-25.3,-72.5,5.868,33.365,62.68657,25.648855,4.02,9.825,-1,flat,flat,down,flat,flat,flat,False,288275000.0,7801507000.0,0.67,1.33
TEXRAIL.NS,Texmaco Rail,India,59,7.3850006,-13.3,43.2,4.458,37.094,23.73347,15.114474,4.84,7.6,1,flat,flat,up,flat,flat,flat,False,576819000.0,11669693000.0,1.42,1.07
BEML.NS,BEML,India,52,4.858,8.6,-37.5,3.2489999999999997,10.568,105.08215,25.219717,17.04,71.0,3,up,up,up,flat,up,flat,True,1798200000.0,17941700000.0,71.59,-2.69
IRCTC.NS,IRCTC,India,81,34.959,15.1,-8.9,26.721,1.874,28.85321,22.118681,17.44,22.75,0,flat,flat,flat,flat,flat,flat,False,3263963000.0,14597195000.0,4.08,4.93
LT.NS,Larsen & Toubro,India,57,16.951999,11.700000000000001,-34.5,5.515,97.64,32.764736,20.836868,116.72,183.53526,1,up,flat,flat,flat,flat,flat,False,53256000000.0,827621600000.0,38.7,23.36
KNRCON.NS,KNR Constructions,India,48,9.1850005,-32.6,-23.599999999999998,16.2,49.162,7.9015446,13.861529,15.54,8.85833,0,flat,down,flat,flat,down,up,False,1062070000.0,6955904000.0,3.78,3.66
PNCINFRA.NS,PNC Infratech,India,69,12.989999999999998,-5.1,42.9,15.495000000000001,75.883,7.557064,11.6297455,32.42,21.06667,1,flat,flat,flat,flat,flat,up,False,1077574000.0,16169829000.0,4.2,2.99
AHLUCONT.NS,Ahluwalia Contracts,India,65,13.785,8.799999999999999,-1.6,5.824,3.552,21.377268,14.493806,39.68,58.525,1,flat,flat,flat,flat,flat,up,False,820212000.0,13222987000.0,12.24,8.07
ADANIPORTS.NS,Adani Ports,India,80,15.592,26.5,3.5999999999999996,33.060002,64.051,31.610302,23.85076,58.25,77.2009,3,up,up,flat,flat,up,up,False,33289600000.0,107375800000.0,14.45,14.04
CONCOR.NS,Container Corporation,India,57,9.755999599999999,-1.0999999999999999,-12.0,13.678001,7.39,30.256723,20.607826,16.36,24.02,-3,down,down,down,flat,down,flat,False,2626500000.0,22633000000.0,3.46,4.4
SCI.NS,Shipping Corporation of India,India,79,,14.2,118.9,1.102,29.454,9.657487,85.01515,29.05,3.3,1,flat,flat,up,flat,up,flat,False,4046000000.0,15132100000.0,8.69,8.69
GESHIP.NS,Great Eastern Shipping,India,94,18.849,23.599999999999998,187.5,54.400000000000006,6.409,6.7361817,7.030441,205.71,197.1,3,up,up,up,flat,up,flat,False,10440900000.0,15114000000.0,72.98,56.8
GPPL.NS,Gujarat Pipavav Port,India,92,21.802999,24.0,25.0,44.472998000000004,1.544,14.185741,13.092641,10.66,11.55,1,flat,up,flat,flat,up,flat,False,1422000000.0,3172140000.0,2.95,2.23
DREDGECORP.NS,Dredging Corporation of India,India,57,0.38800002,3.4000000000000004,543.8,0.393,88.388,190.75188,,5.32,,2,flat,up,flat,up,up,flat,True,869054000.0,4782302000.0,34.62,-8.8
TRENT.NS,Trent,India,85,27.126,19.2,25.8,8.566,36.034,91.11146,58.61687,32.12,49.9259,1,flat,flat,flat,flat,flat,up,False,4003300000.0,50279900000.0,7.506667,9.613333
TITAN.NS,Titan Company,India,78,37.127998,80.5,35.099999999999994,5.7919998,195.001,81.43383,54.462822,57.05,85.30222,1,flat,flat,flat,flat,flat,up,False,11790000000.0,206070000000.0,13.27,18.97
VBL.NS,Varun Beverages,India,85,,18.099999999999998,20.0,14.024000000000001,12.705,49.139214,38.486828,9.41,12.0145,3,up,up,up,flat,up,flat,False,8723550000.0,65741900000.0,2.58,0.74
ITC.NS,ITC,India,64,29.34,-5.0,-72.7,26.233,3.293,17.129011,16.02534,16.51,17.64705,0,flat,flat,flat,flat,up,flat,False,53879700000.0,176288900000.0,4.3,3.94
BRITANNIA.NS,Britannia Industries,India,82,53.31399999999999,6.5,21.099999999999998,13.270999999999999,26.875,51.861904,42.026814,105.0,129.57204,-2,flat,down,flat,flat,down,down,False,6783400000.0,46859500000.0,28.16,28.23
NESTLEIND.NS,Nestle India,India,92,76.338995,23.0,27.400000000000002,15.139,8.621,79.42637,60.502525,18.13,23.80066,3,up,up,up,flat,up,flat,False,9984200000.0,56435200000.0,5.17,3.355
HINDUNILVR.NS,Hindustan Unilever,India,81,21.603,4.3,21.4,23.329,3.016,47.247402,39.656567,45.23,53.88767,0,down,flat,flat,flat,flat,up,False,29920000000.0,162070000000.0,12.72,28.12
GODFRYPHLP.NS,Godfrey Phillips India,India,93,26.593,13.600000000000001,86.1,23.878,3.757,21.819204,19.05531,97.9,112.1,-1,down,flat,flat,flat,flat,flat,False,5214300000.0,17811600000.0,33.43,22.01
JUBLFOOD.NS,Jubilant FoodWorks,India,66,16.893,20.3,-18.4,4.504,2.655,74.320984,45.385075,5.67,9.28499,2,up,up,up,flat,up,down,False,797910000.0,24994660000.0,1.21,1.07
WESTLIFE.NS,Westlife Foodworld,India,54,5.289,7.9,50.0,1.243,291.521,219.34782,88.29792,2.07,5.14225,-2,flat,down,down,flat,down,flat,False,23750000.0,6423981000.0,0.15,0.07
DEVYANI.NS,Devyani International,India,47,-2.5880001,18.5,,-0.68800002,203.327,,104.50041,-0.31,1.06057,0,flat,flat,flat,flat,down,flat,False,-100430000.0,14368620000.0,-0.08,-0.08
INDHOTEL.NS,Indian Hotels,India,82,16.430001,14.299999999999999,14.7,20.916,18.987,49.46685,39.293125,14.63,18.41798,-2,down,down,down,flat,down,up,False,5998600000.0,27652900000.0,4.21,6.35
EIHOTEL.NS,EIH,India,69,12.948,7.3999999999999995,-5.800000000000001,21.003,4.666,33.802185,23.227457,10.06,14.64,1,up,flat,flat,flat,flat,flat,False,2376200000.0,8952200000.0,3.8,3.89
CHALET.NS,Chalet Hotels,India,80,19.131999999999998,6.0,31.3,23.291,64.041,29.0,27.20562,29.5,31.44571,2,flat,up,flat,flat,up,up,False,1630250000.0,5582170000.0,7.44,5.66
PAGEIND.NS,Page Industries,India,84,52.5,14.099999999999998,9.0,14.557999999999998,18.422,58.438244,43.717915,686.28,917.3585,0,flat,down,flat,flat,down,up,False,1787304000.0,12525994000.0,160.24,169.93
BATAINDIA.NS,Bata India,India,48,8.465999,5.0,-95.19999999999999,3.817,86.9,67.507164,33.174206,10.47,21.30571,0,flat,flat,down,flat,flat,up,False,22080000.0,8276260000.0,0.17,5.14
ASIANPAINT.NS,Asian Paints,India,85,20.889999,10.6,69.19999999999999,12.1549994,17.847,59.72997,45.88457,45.18,58.8128,4,up,up,up,flat,up,up,False,11721200000.0,92284600000.0,12.22,11.05
BERGEPAINT.NS,Berger Paints,India,77,17.226,6.1,27.700000000000003,9.4849996,9.165,51.12087,39.03985,9.68,12.67551,0,down,flat,flat,flat,flat,up,False,3347700000.0,28680300000.0,2.87,2.33
CERA.NS,Cera Sanitaryware,India,68,14.466999999999999,12.8,-9.700000000000001,9.952,3.172,38.742664,25.875078,158.43,237.21667,1,up,flat,flat,flat,flat,flat,False,773359000.0,6438158000.0,59.96,18.35
KAJARIACER.NS,Kajaria Ceramics,India,83,16.499001,12.4,265.9,10.049,7.302,40.568253,30.073717,30.62,41.30517,0,up,flat,flat,flat,flat,down,False,1557500000.0,13733500000.0,9.77,5.5
SUPREMEIND.NS,Supreme Industries,India,84,16.128999,16.5,47.5,8.5039996,1.473,45.872345,32.778473,75.2,105.2398,1,up,flat,flat,flat,flat,flat,False,4335700000.0,35276600000.0,34.13,12.07
WHIRLPOOL.NS,Whirlpool India,India,54,7.2459996,8.799999999999999,-32.800000000000004,3.656,8.621,33.593952,20.824184,23.15,37.346,2,up,up,up,flat,up,down,False,802000000.0,21807700000.0,6.32,2.09
CROMPTON.NS,Crompton Greaves Consumer,India,55,-6.337,10.8,,-2.991,5.797,,22.802979,-3.77,11.51604,-1,flat,down,down,flat,down,up,False,-5339300000.0,22832700000.0,-8.29,1.53
HAVELLS.NS,Havells India,India,66,,19.5,-16.6,6.923,2.801,46.253845,36.274857,26.0,33.15244,-3,flat,down,down,flat,down,down,False,2903800000.0,65181900000.0,4.62,11.52
SRF.NS,SRF,India,72,13.763,7.000000000000001,10.6,11.625,36.195,46.64132,32.439163,61.81,88.87097,3,flat,up,up,flat,up,up,False,5820200000.0,45318300000.0,19.63,14.6
PIIND.NS,PI Industries,India,53,12.3509996,-12.4,-39.4,19.673,3.048,30.66927,24.799006,87.11,107.73013,2,flat,flat,up,flat,flat,up,False,2002000000.0,15652000000.0,13.2,20.52
DEEPAKNTR.NS,Deepak Nitrite,India,60,9.751,-2.7,8.5,6.98,27.903,42.155792,28.066992,40.31,60.54443,2,up,flat,flat,flat,flat,up,False,2197400000.0,21203300000.0,16.11,7.32
NAVINFLUOR.NS,Navin Fluorine,India,92,20.105,33.800000000000004,116.5,20.023,32.091,59.9417,41.73329,130.36,187.2366,4,up,up,up,flat,up,up,False,2126200000.0,9377100000.0,41.43,36.13
CLEAN.NS,Clean Science,India,59,15.309000000000001,-5.5,-21.4,24.009000999999998,0.135,33.4113,22.098246,21.59,32.64286,0,flat,flat,up,flat,flat,down,False,582720000.0,2492530000.0,5.48,4.32
AARTIIND.NS,Aarti Industries,India,70,7.249,13.200000000000001,43.4,5.0569999999999995,83.392,43.10986,24.91704,11.56,20.00037,1,flat,up,up,flat,up,down,False,1370000000.0,22050000000.0,3.78,3.66
GALAXYSURF.NS,Galaxy Surfactants,India,61,10.47,14.799999999999999,-18.0,5.095000000000001,8.579,25.667242,19.26258,75.31,100.35,0,up,flat,down,flat,flat,flat,False,624300000.0,13147000000.0,17.55,16.61
SUDARSCHEM.NS,Sudarshan Chemical,India,61,1.03400005,106.5,,0.22799999999999998,64.172,374.57144,17.397846,2.8,60.28333,1,flat,flat,flat,flat,flat,up,True,787000000.0,27899000000.0,10.0,-14.7
SUVEN.NS,Suven Pharmaceuticals,India,51,-78.799003,3.5999999999999996,,0.0,2.823,,17.354004,-12.12,19.35,0,flat,down,up,flat,down,flat,False,-455955000.0,15201000.0,-2.02,-4.55
SYNGENE.NS,Syngene International,India,52,6.621,1.7999999999999998,-19.400000000000002,8.4709994,9.473,52.80735,33.230606,7.89,12.53814,2,up,flat,flat,flat,flat,up,False,1479000000.0,10365000000.0,3.67,0.37
LAURUSLABS.NS,Laurus Labs,India,75,17.743000000000002,5.3,19.400000000000002,13.046,46.369,93.656166,64.5519,16.52,23.96831,3,up,up,up,flat,up,flat,False,2791400000.0,18115700000.0,5.17,4.65
NEULANDLAB.NS,Neuland Laboratories,India,85,,136.4,664.4,2.2880001,16.072,66.30618,41.37901,283.88,454.8925,0,flat,flat,flat,flat,flat,flat,False,2126726000.0,7762503000.0,165.76,31.62
JUBLPHARMA.NS,Jubilant Pharmova,India,56,5.962,18.7,-22.400000000000002,4.813000199999999,50.943,40.530937,19.986221,25.05,50.8,0,up,flat,flat,flat,flat,down,False,1194000000.0,22722000000.0,7.52,3.52
KIRLOSBROS.NS,Kirloskar Brothers,India,64,16.486,10.4,-18.6,8.2329996,10.101,40.361084,,47.08,,1,up,flat,flat,flat,flat,flat,False,1115000000.0,14151000000.0,14.04,15.65
WABAG.NS,VA Tech Wabag,India,81,15.674,22.3,20.599999999999998,9.394,8.874,29.948046,23.170683,69.29,89.55714,3,up,up,flat,flat,up,up,False,1283000000.0,14144000000.0,22.38,14.54
ASTRAL.NS,Astral,India,80,13.797999999999998,24.2,18.9,8.169,6.168,69.91492,41.803806,19.98,33.41562,3,up,up,up,flat,up,flat,False,2130000000.0,20885000000.0,7.93,4.01
FINPIPE.NS,Finolex Industries,India,81,9.731,12.1,59.0,14.563,7.171,17.163223,14.967567,9.68,11.1,0,flat,flat,flat,flat,flat,flat,False,2612500000.0,13138800000.0,4.23,1.88
PRINCEPIPE.NS,Prince Pipes,India,73,4.671,18.099999999999998,131.7,2.8160000000000003,8.838,40.271904,18.281147,6.62,14.58333,1,flat,flat,flat,flat,flat,up,True,561050000.0,8500730000.0,5.07,-0.21
BHARTIARTL.NS,Bharti Airtel,India,64,19.358998999999997,15.7,-34.0,12.652999000000001,99.718,43.70822,23.686934,44.28,81.7075,2,up,flat,flat,flat,flat,up,False,73251000000.0,553832000000.0,12.15,11.02
RELIANCE.NS,Reliance Industries,India,65,,30.7,-22.400000000000002,6.7210004,36.653,24.13331,18.584421,55.21,71.69446,-1,up,flat,down,flat,flat,down,False,169710000000.0,2940590000000.0,12.54,13.78
INDUSTOWER.NS,Indus Towers,India,71,19.806999,4.8,0.8,21.989,53.289,15.022164,13.067373,27.07,31.11949,0,up,flat,flat,flat,flat,down,False,17929000000.0,81010000000.0,6.8,6.73
NAUKRI.NS,Info Edge,India,80,4.5679998,15.9,22.1,44.138,0.64,53.814964,51.1733,22.32,23.4722,2,up,flat,flat,flat,flat,up,False,5657970000.0,8690050000.0,8.72,4.19
ETERNAL.NS,Eternal,India,72,1.194,196.5,375.0,0.67299996,14.826,720.0,69.85442,0.4,4.12286,1,up,flat,flat,flat,flat,flat,False,1740000000.0,172920000000.0,0.19,0.11
POLICYBZR.NS,PB Fintech,India,83,9.7440004,36.7,52.800000000000004,9.861,4.922,108.860504,46.71388,14.48,33.74372,4,up,up,up,flat,up,up,False,2611100000.0,20613300000.0,5.61,4.08
DLF.NS,DLF,India,60,10.030999999999999,-42.0,-1.2,53.876996,0.673,36.814358,25.370714,17.83,25.87235,1,down,up,flat,flat,up,up,False,12685600000.0,18140600000.0,5.12,4.86
LODHA.NS,Macrotech Developers,India,78,15.709999999999999,11.600000000000001,9.4,20.557,42.238,34.748833,25.114418,34.24,47.37518,2,up,flat,flat,flat,flat,up,False,10079000000.0,47135000000.0,10.07,9.56
OBEROIRLTY.NS,Oberoi Realty,India,96,,31.7,28.9,41.592997,15.765,25.863499,17.501911,72.38,106.95975,1,flat,flat,flat,flat,flat,up,False,5435100000.0,13008900000.0,14.94,19.34
HINDCOPPER.NS,Hindustan Copper,India,99,30.602,58.099999999999994,136.60000000000002,29.842999999999996,3.319,51.60338,24.217821,9.48,20.2,0,flat,flat,flat,flat,flat,flat,False,4442700000.0,11560800000.0,4.59,1.62
JINDALSTEL.NS,Jindal Steel & Power,India,71,6.771999600000001,23.0,,6.327000000000001,43.613,31.41045,11.094833,33.11,93.73733,2,up,flat,flat,flat,flat,up,True,10447500000.0,162755200000.0,10.27,1.87
NMDC.NS,NMDC,India,93,23.363,61.9,37.7,23.231001000000003,18.802,9.953955,8.226418,8.47,10.24869,0,up,flat,down,flat,flat,flat,False,20272300000.0,113431300000.0,2.31,2.0
HINDALCO.NS,Hindalco Industries,India,58,10.288,20.4,-50.9,4.8699997,72.598,15.820883,8.9998255,60.24,105.89649,1,up,flat,flat,flat,flat,flat,False,25970000000.0,781330000000.0,11.67,9.21
HINDZINC.NS,Hindustan Zinc,India,98,76.941,43.0,67.5,35.115,39.034,16.153847,12.059247,32.76,43.88334,2,up,up,up,flat,up,down,False,50330000000.0,126920000000.0,11.91,9.267939
AAPL,Apple,USA,88,141.47099,16.6,21.8,27.152001999999996,79.548,40.502426,34.625034,8.24,9.63869,-1,flat,flat,flat,flat,flat,down,False,29578000000.0,111184000000.0,2.01,2.84
MSFT,Microsoft,USA,92,34.013999,18.3,23.400000000000002,39.341998000000004,30.271,23.469606,20.324642,16.78,19.37648,3,up,up,flat,flat,up,up,False,31778000000.0,82886000000.0,4.27,5.16
NVDA,NVIDIA,USA,100,114.28799999999998,85.2,214.5,62.966,6.555,31.058191,15.80593,6.53,12.83126,3,up,up,up,flat,up,flat,False,58321000000.0,81615000000.0,2.39,1.76
AMZN,Amazon,USA,87,24.285,16.6,74.8,12.224,53.3,29.572968,24.94745,8.36,9.91003,3,up,up,flat,flat,up,up,False,30255000000.0,181519000000.0,2.78,1.95
GOOGL,Alphabet,USA,97,38.884997,21.8,82.0,37.919000000000004,20.026,26.4508,23.67202,13.11,14.64894,0,up,flat,flat,flat,flat,down,False,62578000000.0,109896000000.0,5.11,2.82
META,Meta Platforms,USA,98,32.930002,33.1,62.4,32.836999999999996,35.608,23.474201,17.782232,27.52,36.32896,3,up,up,flat,up,up,flat,False,26773000000.0,56311000000.0,10.44,8.88
TSLA,Tesla,USA,66,4.901,15.8,8.3,3.946,18.738,346.21817,149.10927,1.1,2.5541,-1,flat,flat,down,flat,flat,flat,False,477000000.0,22387000000.0,0.13,0.24
AMD,Advanced Micro Devices,USA,84,8.062999999999999,37.8,91.2,13.374,6.005,164.15895,36.81913,3.02,13.46474,5,up,up,up,up,up,up,False,1383000000.0,10253000000.0,0.84,0.92
AVGO,Broadcom,USA,96,37.280998,47.9,85.39999999999999,38.848,74.018,61.701332,19.098053,6.01,19.4169,1,up,flat,flat,flat,flat,flat,False,9310000000.0,22187000000.0,1.91,1.5
TSM,TSMC,USA,99,39.969003,36.0,77.4,49.923,15.174,29.840448,18.759014,13.35,21.23619,5,up,up,up,up,up,up,False,706562000000.0,1270381000000.0,136.231667,110.4
ASML,ASML,USA,95,53.942,21.3,28.499999999999996,30.114,9.092,60.240604,30.327284,29.01,57.62402,1,flat,flat,flat,flat,flat,up,False,2917600000.0,9326500000.0,7.58,7.15
MU,Micron Technology,USA,100,66.63799999999999,345.7,1368.5,55.906,6.33,19.193987,5.630772,44.23,150.76973,4,up,up,up,flat,up,up,False,28243000000.0,41456000000.0,24.67,12.07
INTC,Intel,USA,49,-2.911,7.199999999999999,,-5.904,36.028,,58.897167,-0.6,1.61366,0,up,down,down,flat,down,up,False,-3728000000.0,13577000000.0,-0.73,-0.12
ARM,Arm Holdings,USA,86,11.9540006,20.1,47.9,18.374,5.926,310.68604,86.76127,0.86,3.0796,0,up,flat,flat,flat,flat,down,False,313000000.0,1490000000.0,0.29,0.21
PANW,Palo Alto Networks,USA,74,4.8309997000000005,31.1,,7.947,7.698,311.89566,86.95315,1.15,4.12498,1,up,flat,flat,flat,flat,flat,False,-177000000.0,3002000000.0,-0.22,0.61
CRWD,CrowdStrike,USA,61,-0.24899999,25.6,,-0.598,17.568,,130.04361,-0.02,1.56163,2,up,up,up,flat,up,down,True,27774000.0,1385629000.0,0.0275,0.0375
FTNT,Fortinet,USA,92,132.392,20.1,28.599999999999998,27.491,57.31,62.397686,47.172867,2.59,3.42591,1,up,up,flat,flat,up,down,False,534500000.0,1849600000.0,0.72,0.68
NET,Cloudflare,USA,47,-5.876,33.5,,-3.7249997,230.859,,175.88669,-0.25,1.57863,-1,up,down,down,flat,down,flat,False,-22927000.0,639755000.0,-0.07,-0.03
CAT,Caterpillar,USA,79,51.331,22.2,30.2,13.328000000000001,230.793,43.86049,28.923698,20.07,30.43456,3,up,up,down,up,up,up,False,2549000000.0,17415000000.0,5.47,5.12
GD,General Dynamics,USA,74,17.974001,10.299999999999999,12.0,8.068,37.701,23.195719,20.234848,15.89,18.21511,1,flat,up,flat,flat,up,flat,False,1125000000.0,13481000000.0,4.1,4.17
HD,Home Depot,USA,53,128.38,4.8,-4.3,8.411,459.356,24.101706,21.05796,14.06,16.09225,-1,flat,flat,flat,flat,flat,down,False,3289000000.0,41765000000.0,3.3,2.58
UNP,Union Pacific,USA,72,40.686,3.2,6.2,29.202,162.246,24.814968,21.756136,12.16,13.86965,1,up,flat,flat,down,flat,up,False,1701000000.0,6217000000.0,2.87,3.11
ROK,Rockwell Automation,USA,80,27.183,11.899999999999999,39.6,12.357999999999999,113.367,47.860107,31.572212,9.65,14.62837,3,up,up,up,up,up,down,False,351000000.0,2239000000.0,3.1,2.69
ETN,Eaton,USA,68,20.844999,16.8,-9.4,13.986,110.463,39.061523,25.352713,10.24,15.77701,1,up,up,flat,flat,up,down,False,866000000.0,7451000000.0,2.22,2.91
EMR,Emerson Electric,USA,71,12.328,2.9000000000000004,27.900000000000002,13.354,69.182,32.226326,19.434973,4.33,7.17984,4,up,up,up,flat,up,up,False,618000000.0,4562000000.0,1.1,1.07
JCI,Johnson Controls,USA,77,13.449,8.200000000000001,38.9,14.452000000000002,70.317,42.954132,24.369467,3.27,5.76377,3,up,up,up,up,up,down,False,613000000.0,6142000000.0,1.0,0.85
ISRG,Intuitive Surgical,USA,87,17.423001,18.5,26.5,28.445998,,39.70345,28.794935,8.7,11.99586,3,up,up,flat,up,up,flat,False,,,2.29,2.28
IDXX,IDEXX Laboratories,USA,86,72.91499999999999,14.299999999999999,17.2,24.634,71.04,41.846607,34.355362,13.56,16.51678,0,flat,flat,flat,flat,flat,flat,False,278446000.0,1140820000.0,3.47,3.08
LLY,Eli Lilly,USA,92,107.45899999999999,55.50000000000001,169.9,34.986,139.015,41.842087,26.255041,28.18,44.90985,2,up,up,up,flat,up,down,False,7396000000.0,19799000000.0,8.26,7.39
ABBV,AbbVie,USA,48,,12.4,-46.2,5.7860000000000005,,124.75001,15.63166,2.04,16.28042,-2,up,down,down,flat,down,down,False,695000000.0,15002000000.0,0.39,1.02
ABT,Abbott Laboratories,USA,61,,13.0,-47.5,11.645000399999999,64.773,28.201681,16.595623,3.57,6.06666,0,up,flat,flat,flat,flat,down,False,1077000000.0,11164000000.0,0.61,1.01
BLK,BlackRock,USA,91,,30.599999999999998,19.7,24.089001,23.635,25.706064,16.717077,41.71,64.138,1,up,flat,flat,down,down,up,False,,,12.19,14.06
JPM,JPMorgan Chase,USA,93,17.788999999999998,30.4,46.9,34.921002,,14.620661,13.894915,23.33,24.54855,-1,flat,flat,flat,flat,flat,down,False,,,7.7,5.94
GS,Goldman Sachs,USA,78,16.951999,42.5,92.30000000000001,31.039,647.154,16.446194,14.72599,64.77,72.33605,0,flat,up,flat,flat,up,down,False,,,20.98,17.55
CME,CME Group,USA,86,15.919,14.399999999999999,21.3,63.324000000000005,14.059,20.92656,19.073008,11.71,12.848,2,up,flat,flat,flat,flat,up,False,1154300000.0,1880100000.0,3.18,3.24
ICE,Intercontinental Exchange,USA,88,13.852999999999998,20.4,79.7,37.671003,70.986,20.32751,16.004465,6.87,8.72569,4,up,up,up,flat,up,up,False,1413000000.0,3666000000.0,2.48,1.49
V,Visa,USA,92,60.349,17.1,35.5,51.679003,67.233,31.26068,24.116596,11.47,14.86777,4,up,up,flat,up,up,up,False,6021000000.0,11230000000.0,3.14,3.03
MA,Mastercard,USA,80,232.076,15.8,21.2,45.876,282.059,31.440136,23.850138,17.29,22.79232,5,up,up,up,up,up,up,False,3882000000.0,8398000000.0,4.35,4.52
PYPL,PayPal,USA,70,25.120002000000003,7.199999999999999,-6.2,14.997,58.28,10.611632,9.828198,5.33,5.75487,-2,up,down,down,flat,up,down,False,1113000000.0,8353000000.0,1.21,1.53
WMT,Walmart,USA,71,24.132,7.3,19.400000000000002,3.1350000000000002,74.816,40.225353,34.768105,2.84,3.28577,0,up,flat,flat,flat,flat,down,False,5330000000.0,177751000000.0,0.67,0.53
COST,Costco,USA,83,29.152,21.5,45.5,3.01,60.257,47.39899,41.54588,19.85,22.64653,3,up,up,flat,flat,up,up,False,2192000000.0,70527000000.0,4.93,4.58
KO,Coca-Cola,USA,83,43.372001999999995,12.1,18.2,27.800000000000004,124.943,25.647797,23.415249,3.18,3.4832,-1,flat,flat,flat,flat,flat,down,False,3924000000.0,12472000000.0,0.91,0.53
PEP,PepsiCo,USA,74,51.507999999999996,6.4,137.0,10.785,238.949,17.994751,15.258103,7.62,8.9867,1,up,flat,up,flat,flat,down,False,2981000000.0,24181000000.0,2.18,1.7
MCD,McDonald's,USA,75,,9.4,6.9,31.618000000000002,,22.070074,18.91728,12.13,14.15161,-2,flat,flat,down,flat,flat,down,False,1983000000.0,6517000000.0,2.78,3.03
DIS,Walt Disney,USA,58,11.01,6.5,-29.799999999999997,11.540000000000001,41.069,15.6272,13.065311,6.25,7.47552,1,flat,flat,flat,flat,flat,up,False,2247000000.0,25168000000.0,1.27,1.34
EA,Electronic Arts,USA,81,13.489999999999998,11.899999999999999,85.3,11.777999999999999,27.41,59.515667,21.695284,3.51,9.62882,-2,up,down,down,flat,down,down,False,461000000.0,2120000000.0,1.81,0.35
TMUS,T-Mobile US,USA,57,18.024999,10.6,-12.0,11.6459996,218.569,20.449522,13.369238,9.41,14.39349,0,up,flat,flat,flat,flat,down,False,2504000000.0,23107000000.0,2.27,1.88
XOM,Exxon Mobil,USA,54,9.873,2.6,-43.4,7.7649995999999994,18.261,24.80808,13.941488,5.94,10.56989,-3,flat,down,down,down,down,flat,False,4183000000.0,83161000000.0,1.0,1.53
CVX,Chevron,USA,50,6.638,2.3,-44.5,5.9270002,23.989,32.701572,15.007461,5.73,12.48579,-1,flat,down,down,flat,down,up,False,2210000000.0,47556000000.0,1.11,1.39
LNG,Cheniere Energy,USA,68,28.92,24.2,,7.102,321.125,44.433167,13.461089,5.91,19.50808,0,flat,flat,flat,flat,flat,flat,False,-3502000000.0,5868000000.0,-16.65,10.68
CCJ,Cameco,USA,79,9.5979996,7.1,87.5,18.389,14.311,81.54286,44.95172,1.05,1.9047103,0,flat,flat,flat,flat,flat,flat,True,130751000.0,845365000.0,0.3,
NXE,NexGen Energy,USA,49,-29.612,,,0.0,42.466,,-50.30963,-0.48,-0.1749168,-2,flat,down,flat,down,down,flat,False,-156031000.0,0.0,-0.24,
FCX,Freeport-McMoRan,USA,80,15.630999000000001,8.799999999999999,153.1,10.344000000000001,33.008,30.88889,14.48513,1.89,4.03034,1,flat,flat,flat,flat,flat,up,False,881000000.0,6234000000.0,0.61,0.28
NEM,Newmont,USA,97,25.832,45.800000000000004,78.60000000000001,33.87,15.762,11.634241,8.359591,7.71,10.73019,2,up,flat,flat,flat,flat,up,False,3262000000.0,7307000000.0,3.01,1.19
GOLD,Barrick Gold,USA,60,10.818999999999999,244.0,,0.34999999,182.406,12.478828,10.5537195,3.07,3.63,5,up,up,up,up,up,up,True,59487000.0,10350729000.0,2.09,0.46
