Ticker,Name,Country,Fundamental Score,ROE %,Sales Growth %,Profit Growth %,Profit Margin %,Debt/Equity,Trailing PE,Forward PE,Trailing EPS,Forward EPS,Improving Score,Revenue Trend,Earnings Trend,Margin Trend,ROE Trend,EPS Trend,Analyst Trend,Was Loss Now Profit,Latest Net Income,Latest Revenue,Latest EPS (Quarterly),Previous EPS (Quarterly)
MAXHEALTH.NS,Max Healthcare,India,79,,16.7,4.8,16.723,32.367,67.080536,42.795517,14.9,23.35525,2,up,flat,flat,flat,flat,up,False,3422200000.0,21428900000.0,3.5,3.09
APOLLOHOSP.NS,Apollo Hospitals,India,80,,20.599999999999998,34.1,7.906000000000001,85.146,59.388992,39.57125,145.17,217.87282,4,up,up,up,flat,up,up,False,5293000000.0,66055000000.0,36.76,34.94
NH.NS,Narayana Hrudayalaya,India,70,,80.4,5.4,8.984,129.033,45.21363,26.122196,40.49,70.08216,2,up,flat,flat,flat,flat,up,False,2071780000.0,26836340000.0,10.2,11.02
RAINBOW.NS,Rainbow Children's Medicare,India,85,,33.2,13.3,15.68,53.558,51.292274,36.42247,28.09,39.558,1,up,flat,flat,flat,flat,flat,False,605720000.0,4699850000.0,5.97,7.59
LALPATHLAB.NS,Dr Lal PathLabs,India,90,,19.1,27.800000000000004,18.745,7.83,58.84841,43.925346,32.39,43.39408,2,up,up,up,flat,up,down,False,1695000000.0,7977000000.0,10.13,7.85
VIJAYA.NS,Vijaya Diagnostic,India,91,,22.8,37.3,21.874,44.15,82.82417,54.894394,18.2,27.46,4,up,up,up,flat,up,up,False,531011000.0,2309819000.0,5.15,4.65
SUNPHARMA.NS,Sun Pharmaceutical,India,86,,10.5,27.400000000000002,20.188999,5.517,37.73061,29.473352,50.41,64.53287,1,up,up,flat,flat,up,down,False,28947900000.0,151835500000.0,12.1,11.3
DIVISLAB.NS,Divi's Laboratories,India,98,,27.800000000000004,65.7,26.046000000000003,0.042,87.78178,56.728104,97.15,150.33113,1,up,up,flat,flat,up,down,False,7510000000.0,28310000000.0,28.31,21.98
TORNTPHARM.NS,Torrent Pharmaceuticals,India,70,,54.800000000000004,-8.200000000000001,13.874,85.446,77.87173,52.398796,62.68,93.15099,4,up,up,up,flat,up,up,False,5660000000.0,48350000000.0,14.87,11.51
CIPLA.NS,Cipla,India,58,,3.5000000000000004,-39.2,12.009,1.778,34.057102,22.36416,41.68,63.47209,2,up,flat,flat,flat,flat,up,False,7890500000.0,70770200000.0,9.76,6.86
HDFCBANK.NS,HDFC Bank,India,81,13.838000000000001,16.6,18.099999999999998,26.787,,16.031052,11.710862,45.73,62.6,1,flat,flat,flat,flat,flat,up,False,162579100000.0,853464600000.0,10.56,
ICICIBANK.NS,ICICI Bank,India,78,16.073999,11.4,13.8,27.531,,18.348623,15.106383,77.39,94.0,1,up,flat,flat,down,up,up,False,154400600000.0,383657400000.0,21.29,20.36
SBIN.NS,State Bank of India,India,74,15.177,10.299999999999999,9.9,22.375999999999998,,11.177036,9.976523,93.54,104.79602,2,down,up,up,flat,up,up,False,241130000000.0,978142900000.0,26.11,21.28
HDFCLIFE.NS,HDFC Life,India,69,10.828,14.299999999999999,11.899999999999999,1.9,15.885,60.431698,46.172665,9.15,11.9757,0,flat,up,down,flat,up,flat,False,6111900000.0,337267900000.0,2.83,2.3
SBILIFE.NS,SBI Life,India,70,13.703000000000001,18.8,21.8,2.1389998,,68.96923,51.320473,26.0,34.94122,-2,up,down,down,flat,down,down,False,7249300000.0,463503300000.0,7.22,8.02
ICICIPRULI.NS,ICICI Prudential Life,India,63,12.579,-83.1,61.4,2.5510002,19.037,44.441578,36.441074,11.64,14.19552,0,flat,flat,flat,flat,flat,flat,False,3861800000.0,285127100000.0,2.66,4.30497
BSE.NS,BSE,India,100,,64.0,62.1,48.918,0.0,47.431232,35.611477,68.71,91.51544,1,up,up,flat,flat,up,down,False,8740200000.0,15660200000.0,21.22,19.35
MCX.NS,MCX,India,100,,85.3,103.4,55.559999999999995,0.113,52.90317,40.214417,60.52,79.61572,2,up,up,down,flat,down,up,False,4134400000.0,7020000000.0,16.21,20.78
CDSL.NS,CDSL,India,70,23.913,4.2,-19.900000000000002,36.923,0.11,62.16889,47.028385,22.5,29.74374,1,up,up,flat,flat,up,down,False,1175100000.0,2927600000.0,5.62,3.84
CAMS.NS,CAMS,India,87,,11.5,17.0,31.785000000000004,4.863,37.90493,28.840353,19.88,26.12832,0,down,up,down,flat,up,up,False,1280159000.0,3950295000.0,5.14,5.08
ABB.NS,ABB India,India,78,19.131,12.1,3.0,21.349001,1.547,99.10642,70.85202,74.98,104.88056,1,flat,flat,flat,flat,flat,up,False,3623000000.0,35210300000.0,17.09,84.18
SIEMENS.NS,Siemens India,India,92,,14.799999999999999,406.1,19.017,2.213,82.76829,57.94209,47.43,67.75213,1,up,flat,down,flat,down,up,False,3701000000.0,46175000000.0,10.4,7.8
CUMMINSIND.NS,Cummins India,India,79,,17.9,0.8999999999999999,18.694,0.431,59.91207,43.293118,85.3,118.04417,1,up,flat,down,flat,flat,up,False,6093000000.0,33749300000.0,21.98,23.43
KEI.NS,KEI Industries,India,87,,23.0,40.0,8.076,3.796,52.64669,37.486675,104.47,146.7188,0,flat,flat,up,flat,flat,down,False,2741400000.0,31853420000.0,28.66,29.72
POLYCAB.NS,Polycab India,India,89,25.549,39.0,32.5,9.184000000000001,1.738,47.416878,35.40158,190.08,254.59314,2,flat,up,flat,flat,flat,up,False,7843370000.0,82097320000.0,51.94,52.0
HAL.NS,Hindustan Aeronautics,India,88,,14.399999999999999,14.899999999999999,27.590999999999998,0.16,35.686024,28.945522,139.5,171.98515,2,up,up,down,flat,up,up,False,41960800000.0,139424000000.0,62.74,27.91
BEL.NS,Bharat Electronics,India,86,,24.9,8.3,21.403,0.273,49.232143,36.64602,8.4,11.28499,0,flat,flat,down,flat,flat,up,False,10543400000.0,55469800000.0,1.44,3.04
BDL.NS,Bharat Dynamics,India,96,,130.8,548.0,18.826999999999998,0.007,95.206726,43.768246,14.27,31.04077,-1,down,flat,flat,flat,flat,flat,False,1131821000.0,4886234000.0,3.09,1.99
MAZDOCK.NS,Mazagon Dock Shipbuilders,India,86,,12.1,21.5,20.120001000000002,4.481,38.607388,32.283405,66.35,79.34727,0,flat,flat,up,flat,flat,down,False,5494100000.0,29427000000.0,13.62,16.84
COCHINSHIP.NS,Cochin Shipyard,India,57,,2.4,-19.3,13.479,28.466,57.61096,33.393734,25.91,44.7,3,up,flat,up,flat,flat,up,False,2764844000.0,14842781000.0,10.51,5.5
GRSE.NS,Garden Reach Shipbuilders,India,91,,38.5,43.9,10.665,1.424,37.653614,29.66229,69.98,88.83333,0,flat,flat,down,flat,flat,up,False,1728376000.0,18146159000.0,15.09,26.47
DATAPATTNS.NS,Data Patterns,India,76,,16.8,-13.4,28.459,0.304,101.83187,60.151936,47.82,80.955,0,flat,up,flat,flat,up,down,False,220600000.0,1160300000.0,3.94,24.71
ASTRAMICRO.NS,Astra Microwave,India,49,,-11.5,-24.6,16.587,21.883,83.589485,51.32481,19.78,32.21444,2,up,up,up,flat,up,down,False,1059781000.0,4882433000.0,11.14,4.92
PARAS.NS,Paras Defence,India,95,,37.3,42.5,18.473,3.731,127.29915,89.72289,11.7,16.6,1,up,flat,flat,flat,flat,flat,False,212200000.0,1279100000.0,2.63,4.27
ZENTEC.NS,Zen Technologies,India,54,,-10.5,-27.900000000000002,26.845000000000002,0.95,96.4004,36.863308,20.03,52.38,-1,flat,flat,flat,flat,flat,down,False,344610000.0,1416384000.0,3.83,3.51
PREMEXPLN.NS,Premier Explosives,India,46,,-27.800000000000004,-80.0,9.6149996,11.133,107.992004,44.996666,6.25,15.0,1,up,up,flat,flat,up,down,False,65797000.0,892087000.0,1.22,1.13
BHARATFORG.NS,Bharat Forge,India,73,,18.7,,4.0260002,76.475,138.35016,42.63908,14.85,48.1835,0,up,flat,down,flat,flat,flat,False,2325650000.0,45280430000.0,4.86,5.53
TARIL.NS,Transformers & Rectifiers,India,64,,8.1,-8.5,10.132,29.595,35.0,23.53637,8.63,12.83333,0,flat,flat,flat,flat,flat,flat,False,615200000.0,5723400000.0,2.05,2.974356
VOLTAMP.NS,Voltamp Transformers,India,87,,28.4,14.7,13.922,0.03,35.60727,28.22307,313.04,394.94287,0,flat,flat,down,flat,flat,up,False,912228000.0,5437849000.0,90.17,47.35
SKIPPER.NS,Skipper,India,69,,4.5,25.4,4.006,63.557,27.823029,18.084969,19.89,30.6,1,up,flat,flat,flat,flat,flat,False,780570000.0,16665820000.0,6.96,4.63
KSB.NS,KSB,India,60,15.192,3.5999999999999996,-18.6,9.007,0.371,57.08009,36.116592,14.11,22.3,-1,flat,flat,down,flat,flat,flat,False,572000000.0,6907000000.0,3.29,2.28
KIRLOSENG.NS,Kirloskar Oil Engines,India,52,,13.4,-19.900000000000002,6.868,154.864,55.71811,36.51709,37.39,57.05,1,flat,flat,flat,flat,flat,up,False,1137100000.0,19995300000.0,7.81,10.86
ELECON.NS,Elecon Engineering,India,58,,6.1,-59.8,9.852,11.824,42.78992,19.15532,10.52,23.5,0,flat,flat,flat,flat,flat,flat,False,703500000.0,5205600000.0,3.14,0.27
THERMAX.NS,Thermax,India,55,,7.1,-83.39999999999999,5.473999999999999,42.166,75.38184,44.48918,52.77,89.41274,1,up,flat,down,flat,flat,up,False,252400000.0,23002600000.0,2.24,21.68
CGPOWER.NS,CG Power,India,79,,14.000000000000002,13.100000000000001,9.75,1.446,110.00001,62.34247,7.89,13.92149,1,up,flat,down,flat,flat,up,False,3130100000.0,32808100000.0,1.99,2.32
BHEL.NS,BHEL,India,84,,40.300000000000004,,6.758,31.312,59.07593,29.916574,6.98,13.78333,0,flat,flat,flat,flat,flat,flat,True,3767100000.0,76977200000.0,1.08,3.71
DIXON.NS,Dixon Technologies,India,84,,21.099999999999998,154.6,3.639,18.457,43.153275,52.339676,341.55,281.6028,1,flat,flat,flat,flat,flat,up,False,6634200000.0,155476600000.0,117.87,48.81
KAYNES.NS,Kaynes Technology,India,75,,40.5,-0.4,8.866999,19.168,76.59786,43.757774,51.35,89.88803,-2,flat,flat,down,flat,down,down,False,564260000.0,9460170000.0,8.36,13.23
SYRMA.NS,Syrma SGS Technology,India,89,,68.30000000000001,86.0,6.737,13.045,76.0705,47.462776,19.29,30.91686,2,up,flat,flat,flat,flat,up,False,1000740000.0,15886180000.0,5.19,5.28
AVALON.NS,Avalon Technologies,India,89,,49.8,145.3,7.445,29.503,111.41419,60.525845,19.87,36.57611,2,up,up,up,flat,up,down,False,348690000.0,4844140000.0,5.2,6.14
CYIENTDLM.NS,Cyient DLM,India,89,,34.300000000000004,118.10000000000001,6.0510002,17.021,70.31522,41.396667,10.31,17.51228,1,up,flat,flat,flat,flat,flat,False,162850000.0,3738000000.0,2.05,2.83
PGEL.NS,PG Electroplast,India,79,,35.3,13.700000000000001,3.537,19.567,83.62691,36.410027,7.21,16.56,2,up,up,down,flat,up,up,False,762183000.0,20339574000.0,2.65,2.27
AMBER.NS,Amber Enterprises,India,54,,12.7,-79.3,0.76099997,46.566,280.99017,39.125492,26.46,190.02956,1,flat,flat,flat,flat,flat,up,True,1338780000.0,41475199000.0,37.89,-7.75
ELIN.NS,Elin Electronics,India,75,,22.8,,-0.606,2.969,,,-1.68,,-2,flat,down,down,flat,down,flat,False,-7630000.0,3166630000.0,-0.16,0.75
NTPC.NS,NTPC,India,62,,8.0,-1.6,14.530999999999999,118.127,10.424947,12.055046,32.71,28.28691,-2,flat,down,down,flat,down,flat,False,67210500000.0,507409600000.0,6.93,10.81
NHPC.NS,NHPC,India,76,,18.5,2.8000000000000003,31.094998,113.111,28.029303,11.956249,2.73,6.4,-1,up,flat,down,flat,flat,down,False,10958700000.0,38083100000.0,1.09,1.45
SJVN.NS,SJVN,India,63,,52.0,-1.7000000000000002,12.770999999999999,226.528,37.846592,13.863566,1.76,4.80468,1,up,flat,flat,flat,flat,flat,True,2249300000.0,13943800000.0,0.66,-0.3
JSWENERGY.NS,JSW Energy,India,41,,1.2,-39.5,10.373000000000001,229.16,43.00392,32.271603,12.75,16.99017,1,up,flat,flat,flat,flat,flat,False,4709700000.0,52071300000.0,,2.07
ADANIPOWER.NS,Adani Power,India,91,,34.0,44.4,24.148001,82.332,27.682432,25.795103,7.4,7.94143,2,flat,up,flat,flat,up,up,False,48056900000.0,189018900000.0,2.49,2.08
ADANIGREEN.NS,Adani Green Energy,India,65,,16.6,18.5,13.095,346.548,125.87727,44.00933,10.43,29.83231,3,flat,up,up,flat,up,up,True,8450000000.0,43230000000.0,5.05,2.33
WAAREEENER.NS,Waaree Energies,India,85,,79.2,14.2,12.703000000000001,21.402,20.446556,16.382654,132.57,165.45549,1,up,flat,down,flat,flat,up,False,8502200000.0,79317900000.0,29.5,36.84
PREMIERENE.NS,Premier Energies,India,90,,35.3,53.0,19.667,86.005,28.395924,21.415691,37.28,49.43104,2,up,up,flat,flat,up,flat,False,4630670000.0,24625940000.0,10.45,10.14
ATGL.NS,Adani Total Gas,India,68,,27.200000000000003,-14.000000000000002,10.083999500000001,58.65,112.86957,,5.75,,1,up,flat,flat,flat,flat,flat,False,1417200000.0,17535300000.0,1.29,1.53
FINCABLES.NS,Finolex Cables,India,93,,44.3,53.2,11.532,0.314,24.54024,17.657497,52.31,72.7,1,flat,up,flat,flat,up,flat,False,2244300000.0,19510800000.0,14.67,10.73
RRKABEL.NS,R R Kabel,India,88,,53.900000000000006,128.5,5.609999999999999,13.092,55.230824,37.78526,53.72,78.52268,2,up,up,up,flat,up,down,False,2052000000.0,31682000000.0,18.14,14.85
POWERINDIA.NS,Hitachi Energy India,India,93,,68.60000000000001,123.50000000000001,12.555,1.663,134.65663,69.64893,256.43,495.77216,0,flat,flat,down,flat,flat,up,False,2941500000.0,24414200000.0,65.99,74.14
BLUESTARCO.NS,Blue Star,India,61,,13.3,-15.1,3.979,23.588,60.806454,39.073967,24.8,38.59347,-2,down,down,down,flat,down,up,False,1025000000.0,33779200000.0,4.99,11.05
VOLTAS.NS,Voltas,India,83,,18.7,52.0,2.999,15.51,90.76583,38.053135,13.58,32.39155,-2,flat,flat,down,flat,flat,down,False,1161800000.0,48435400000.0,3.51,2.57
RVNL.NS,RVNL,India,72,,10.6,16.900000000000002,4.32,49.078,52.48837,41.03636,4.3,5.5,1,flat,flat,flat,flat,flat,up,False,1870700000.0,66959100000.0,0.9,1.55
IRCON.NS,IRCON International,India,53,,9.5,-43.4,5.667,85.833,19.117199,16.31169,6.57,7.7,1,up,down,flat,flat,down,up,False,1916000000.0,31889800000.0,2.04,1.07
RAILTEL.NS,RailTel Corporation,India,83,16.253999999999998,27.6,25.2,8.096,2.817,26.578457,19.276094,10.77,14.85,-1,flat,down,flat,flat,down,flat,False,657800000.0,8932700000.0,2.05,
TITAGARH.NS,Titagarh Rail Systems,India,83,,12.6,67.0,6.072,25.363,58.383873,24.308466,14.51,34.85,4,up,up,up,flat,up,up,True,539600000.0,8754300000.0,3.97,3.58
JWL.NS,Jupiter Wagons,India,67,,46.0,-14.299999999999999,5.329,33.365,63.807693,26.403183,3.9,9.425,-1,flat,flat,down,flat,flat,flat,False,288275000.0,7801507000.0,0.67,1.33
TEXRAIL.NS,Texmaco Rail,India,64,,-16.900000000000002,68.5,5.095000000000001,37.094,19.753757,15.685075,5.32,6.7,1,flat,flat,up,flat,flat,flat,False,500377000.0,7566800000.0,1.23,1.42
BEML.NS,BEML,India,83,,29.299999999999997,,3.934,10.529,90.81471,26.96199,21.48,72.35,0,flat,flat,flat,flat,flat,flat,False,-270100000.0,8196200000.0,-3.24,71.59
IRCTC.NS,IRCTC,India,80,,18.099999999999998,0.0,25.677,1.874,27.931726,21.734375,17.43,22.4,0,flat,flat,flat,flat,flat,flat,False,3263963000.0,14597195000.0,4.08,4.93
LT.NS,Larsen & Toubro,India,66,,8.1,14.000000000000002,5.588,97.64,33.86699,22.68638,120.74,180.2447,-2,flat,down,down,flat,down,flat,False,41228500000.0,679417400000.0,29.96,38.7
KNRCON.NS,KNR Constructions,India,52,,-4.0,-34.599999999999994,14.757000000000001,49.162,9.111982,15.108723,14.02,8.45538,-2,flat,down,flat,flat,down,down,False,1062070000.0,6955904000.0,3.78,3.66
PNCINFRA.NS,PNC Infratech,India,63,,18.7,-23.0,12.998999999999999,75.883,7.2500877,10.203735,28.55,20.28571,0,up,flat,flat,flat,flat,down,False,3319480000.0,16884596000.0,12.94,4.2
AHLUCONT.NS,Ahluwalia Contracts,India,60,,12.0,-79.7,4.802,3.552,20.03568,13.662723,33.63,49.31667,-1,flat,flat,flat,flat,flat,down,False,820212000.0,13222987000.0,12.24,8.07
ADANIPORTS.NS,Adani Ports,India,80,,18.6,2.4,32.431,64.051,28.826939,21.631529,58.65,78.15906,1,up,up,flat,flat,up,down,False,36204000000.0,108208000000.0,15.71,14.45
CONCOR.NS,Container Corporation,India,64,,0.3,0.6,13.670999,7.39,31.675825,22.239605,16.38,23.33,0,down,flat,flat,flat,flat,up,False,2667400000.0,21597600000.0,3.53,3.46
SCI.NS,Shipping Corporation of India,India,83,,40.300000000000004,75.0,1.102,29.454,8.464748,89.13636,34.75,3.3,2,up,flat,up,flat,up,flat,False,6193400000.0,18465600000.0,13.3,8.69
GESHIP.NS,Great Eastern Shipping,India,100,,66.9,159.4,60.307,6.409,5.0567074,6.9166884,261.87,191.45,3,up,up,up,flat,up,flat,False,13088400000.0,20053600000.0,91.49,72.98
GPPL.NS,Gujarat Pipavav Port,India,99,,32.5,41.699999999999996,45.058998,1.544,14.359861,14.351581,11.56,11.56667,2,flat,up,flat,flat,up,up,False,1422000000.0,3172140000.0,2.95,2.23
DREDGECORP.NS,Dredging Corporation of India,India,63,3.1889997,46.7,,2.9749999,88.829,63.06123,,17.64,,2,flat,up,flat,up,up,flat,True,869054000.0,4782302000.0,34.62,-8.8
TRENT.NS,Trent,India,81,,17.8,20.7,8.637,36.034,86.173355,57.371616,33.92,50.94854,0,flat,flat,flat,flat,flat,flat,False,5190100000.0,57547100000.0,9.73,7.506667
TITAN.NS,Titan Company,India,76,,29.299999999999997,62.8,6.2319998000000005,195.001,77.93088,57.085964,65.1,88.87123,1,up,up,flat,flat,up,down,False,17770000000.0,207870000000.0,20.02,13.27
VBL.NS,Varun Beverages,India,82,16.853,20.4,15.7,14.035,15.869,42.76447,36.67509,10.02,11.68368,2,up,up,up,flat,up,down,False,15207970000.0,84512320000.0,4.5,2.58
ITC.NS,ITC,India,55,,-11.1,-16.0,25.937998,3.293,17.02967,16.107786,15.84,16.74656,1,flat,flat,flat,flat,flat,up,False,43941300000.0,190008900000.0,3.51,4.3
BRITANNIA.NS,Britannia Industries,India,76,,8.200000000000001,13.600000000000001,13.376,26.875,49.390976,41.12572,108.37,130.14969,0,up,down,flat,flat,down,flat,False,5913500000.0,49643700000.0,24.55,28.16
NESTLEIND.NS,Nestle India,India,93,,25.2,48.1,15.623000000000001,8.621,74.527534,59.409416,19.79,24.82603,2,up,flat,flat,flat,flat,up,False,9586800000.0,63632700000.0,4.97,5.17
HINDUNILVR.NS,Hindustan Unilever,India,77,,5.0,8.4,22.644000000000002,3.016,44.94992,37.93915,44.93,53.23261,2,up,flat,flat,flat,flat,up,False,26730000000.0,171840000000.0,11.38,12.72
GODFRYPHLP.NS,Godfrey Phillips India,India,52,,-18.9,-44.3,22.389999,3.757,24.21497,18.93131,87.64,112.1,-1,down,flat,flat,flat,flat,flat,False,1983900000.0,11918500000.0,12.72,33.43
JUBLFOOD.NS,Jubilant FoodWorks,India,64,,20.3,-18.4,4.415,2.655,89.70071,56.358562,5.68,9.04033,4,up,up,up,flat,up,up,False,797910000.0,24994660000.0,1.21,1.07
WESTLIFE.NS,Westlife Foodworld,India,39,,11.4,-50.0,1.1849999,291.521,284.41748,114.67482,2.06,5.10923,-1,up,down,down,flat,down,flat,False,5868000.0,7278617000.0,0.04,0.15
DEVYANI.NS,Devyani International,India,66,,16.5,300.0,-0.47400002,203.327,,143.82883,-0.22,1.02622,4,up,up,up,flat,up,up,True,146470000.0,15805160000.0,0.12,-0.08
INDHOTEL.NS,Indian Hotels,India,87,,15.1,20.7,20.868999,18.987,48.61037,39.125797,15.04,18.68588,-4,down,down,down,flat,down,down,False,3579000000.0,23391900000.0,2.51,4.21
EIHOTEL.NS,EIH,India,93,,14.499999999999998,246.3,23.142,4.666,26.748682,22.05797,11.38,13.8,1,up,flat,flat,flat,flat,flat,False,1171400000.0,6569600000.0,1.87,3.8
CHALET.NS,Chalet Hotels,India,48,,-42.699999999999996,-57.699999999999996,22.12,64.041,35.723167,27.367817,24.13,31.49685,-2,down,flat,down,flat,flat,flat,False,861250000.0,5122730000.0,3.93,7.44
PAGEIND.NS,Page Industries,India,68,,7.9,-4.0,14.126,18.422,52.547703,40.97253,677.67,869.1189,0,flat,down,flat,flat,down,up,False,1787304000.0,12525994000.0,160.24,169.93
BATAINDIA.NS,Bata India,India,65,,3.9,23.0,4.1149996,86.9,62.187504,33.535255,11.36,21.06589,0,flat,flat,down,flat,flat,up,False,22080000.0,8276260000.0,0.17,5.14
ASIANPAINT.NS,Asian Paints,India,88,,17.9,39.900000000000006,12.812999999999999,17.847,52.95789,43.380722,49.63,60.58682,4,up,up,up,flat,up,up,False,15392500000.0,105214400000.0,16.05,12.22
BERGEPAINT.NS,Berger Paints,India,82,,12.0,28.499999999999996,9.9209994,9.165,50.091,40.350925,10.44,12.96005,0,flat,up,flat,flat,up,down,False,4043400000.0,35837500000.0,3.47,2.87
CERA.NS,Cera Sanitaryware,India,72,,15.1,-2.7,9.524999600000001,3.172,37.40776,25.121141,157.2,234.08571,1,up,flat,flat,flat,flat,flat,False,773359000.0,6438158000.0,59.96,18.35
KAJARIACER.NS,Kajaria Ceramics,India,90,,20.4,55.400000000000006,10.7980005,7.302,35.11072,28.017118,34.32,43.00942,3,flat,up,up,flat,up,up,False,1694600000.0,13280800000.0,10.63,9.77
SUPREMEIND.NS,Supreme Industries,India,78,,4.2,38.7,9.115,1.473,44.562912,34.666237,81.22,104.40706,-1,flat,down,down,flat,down,up,False,2807200000.0,27176600000.0,22.1,34.13
WHIRLPOOL.NS,Whirlpool India,India,58,,12.1,-29.4,3.013,8.621,39.07595,22.178509,19.75,34.7972,2,up,up,up,flat,up,down,False,1028800000.0,27267500000.0,8.11,6.32
CROMPTON.NS,Crompton Greaves Consumer,India,69,,11.799999999999999,14.7,-2.688,5.797,,22.384417,-3.48,11.18412,-4,down,down,down,flat,down,down,True,1404800000.0,22350200000.0,2.18,-8.29
HAVELLS.NS,Havells India,India,66,,19.5,-16.6,6.923,2.801,48.83032,38.79317,25.99,32.71452,-3,flat,down,down,flat,down,down,False,2903800000.0,65181900000.0,4.62,11.52
SRF.NS,SRF,India,92,,31.8,75.6,12.715000000000002,36.195,35.295727,28.513386,73.04,90.41367,3,flat,up,up,flat,up,up,False,7588700000.0,49392000000.0,25.6,19.63
PIIND.NS,PI Industries,India,51,,-10.4,-38.9,17.879998999999998,3.048,32.41482,23.471752,76.9,106.2,2,flat,flat,up,flat,flat,up,False,2002000000.0,15652000000.0,13.2,20.52
DEEPAKNTR.NS,Deepak Nitrite,India,90,,36.4,207.39999999999998,9.1359995,27.903,30.628044,28.37598,57.48,62.04191,4,up,up,up,flat,up,up,False,3450200000.0,25776000000.0,25.3,16.11
NAVINFLUOR.NS,Navin Fluorine,India,96,,44.1,100.89999999999999,21.733,32.091,52.923256,40.731785,154.28,200.4577,3,up,up,up,flat,up,flat,False,2433100000.0,10450800000.0,47.39,41.43
CLEAN.NS,Clean Science,India,79,,10.5,4.7,23.719,0.135,37.64397,25.533463,21.88,32.25767,2,flat,flat,up,flat,flat,up,False,733500000.0,2684320000.0,6.9,5.48
AARTIIND.NS,Aarti Industries,India,83,,42.5,258.0,5.901,83.392,36.106167,26.254753,14.6,20.07827,3,flat,up,up,flat,up,up,False,1550000000.0,23870000000.0,4.26,3.78
GALAXYSURF.NS,Galaxy Surfactants,India,89,,39.4,108.1,6.151,8.579,23.494278,21.729645,99.62,107.71,-1,up,flat,down,flat,flat,down,False,624300000.0,13147000000.0,17.55,16.61
SUDARSCHEM.NS,Sudarshan Chemical,India,70,,5.4,105.0,0.73,64.172,133.63338,19.031786,9.11,63.96667,1,flat,flat,flat,flat,flat,up,True,787000000.0,27899000000.0,10.0,-14.7
SUVEN.NS,Suven Pharmaceuticals,India,78,,91.0,,0.0,2.823,,19.03359,-14.63,19.35,0,flat,down,up,flat,down,flat,False,-455955000.0,15201000.0,-2.02,-4.55
SYNGENE.NS,Syngene International,India,55,,-15.8,,6.138999800000001,9.473,73.336365,37.84293,5.5,10.65853,-2,flat,down,down,flat,down,flat,False,-90000000.0,7360000000.0,-0.22,3.67
LAURUSLABS.NS,Laurus Labs,India,92,,29.099999999999998,125.2,15.040000000000001,46.369,89.34589,63.804623,20.18,28.25814,4,up,up,up,flat,up,up,False,3676000000.0,20263100000.0,6.8,5.17
NEULANDLAB.NS,Neuland Laboratories,India,85,,119.19999999999999,962.8,2.2880001,16.072,59.45057,47.132217,389.13,490.832,0,flat,flat,flat,flat,flat,flat,False,1476731000.0,6415771000.0,115.1,165.76
JUBLPHARMA.NS,Jubilant Pharmova,India,60,,17.299999999999997,-45.0,4.0900003,50.943,40.340397,17.700296,22.18,50.55,0,up,flat,flat,flat,flat,down,False,1194000000.0,22722000000.0,7.52,3.52
KIRLOSBROS.NS,Kirloskar Brothers,India,70,,12.9,-0.1,8.009,10.101,40.35684,,47.08,,-2,flat,down,down,flat,down,flat,False,666000000.0,11049000000.0,8.39,14.04
WABAG.NS,VA Tech Wabag,India,87,,20.8,36.8,9.636,8.874,34.887806,22.059513,57.49,90.92222,3,up,up,flat,flat,up,up,False,1283000000.0,14144000000.0,22.38,14.54
ASTRAL.NS,Astral,India,87,,15.9,48.0,8.4809996,6.168,71.31776,45.32157,21.4,33.67491,2,up,up,up,flat,up,down,False,2130000000.0,20885000000.0,7.93,4.01
FINPIPE.NS,Finolex Industries,India,66,,-15.299999999999999,16.400000000000002,15.564998999999998,7.171,16.19799,15.168941,9.95,10.625,1,flat,flat,flat,flat,flat,up,False,1145200000.0,8835800000.0,1.85,4.23
PRINCEPIPE.NS,Prince Pipes,India,76,,5.0,593.2,3.8859999999999997,8.838,30.795454,18.94744,9.24,15.01786,0,flat,flat,flat,flat,flat,flat,True,337490000.0,6094180000.0,3.05,5.07
BHARTIARTL.NS,Bharti Airtel,India,81,20.151,18.4,35.099999999999994,13.139999999999999,100.415,40.628788,23.655214,47.87,82.21866,4,up,up,up,flat,up,up,False,81674000000.0,585391000000.0,13.37,12.15
RELIANCE.NS,Reliance Industries,India,65,,29.7,-22.400000000000002,6.614999500000001,36.653,23.875519,18.424282,55.27,71.62287,0,up,flat,flat,flat,flat,down,False,209460000000.0,3094680000000.0,15.48,12.54
INDUSTOWER.NS,Indus Towers,India,70,18.912001,4.6,0.6,21.776,51.79,13.872098,12.31289,27.13,30.56553,1,up,flat,flat,flat,flat,flat,False,17458000000.0,84311000000.0,6.62,6.8
NAUKRI.NS,Info Edge,India,94,,11.4,50.7,47.402,0.64,54.500202,58.23429,24.71,23.12555,2,up,flat,flat,flat,flat,up,False,5657970000.0,8690050000.0,8.72,4.19
ETERNAL.NS,Eternal,India,84,,182.0,233.3,0.642,14.826,712.82605,87.23993,0.46,3.7586,1,up,flat,flat,flat,flat,flat,False,920000000.0,202110000000.0,0.1,0.19
POLICYBZR.NS,PB Fintech,India,92,,40.1,92.30000000000001,10.2019995,4.922,111.19431,53.647793,16.16,33.49439,-1,flat,flat,flat,flat,flat,down,False,1628900000.0,18882800000.0,3.5,5.61
DLF.NS,DLF,India,63,10.102,-52.900000000000006,4.2,65.791,0.673,37.813023,26.583603,17.97,25.56087,-2,down,flat,flat,flat,flat,down,False,7939000000.0,12803400000.0,3.21,5.12
LODHA.NS,Macrotech Developers,India,95,,43.1,103.3,22.692,42.238,29.87873,25.36918,41.23,48.55892,4,up,up,up,flat,up,up,False,13721000000.0,49967000000.0,13.7,10.07
OBEROIRLTY.NS,Oberoi Realty,India,96,,31.7,28.9,41.592997,15.765,26.027966,17.588022,72.23,106.89093,0,flat,flat,flat,flat,flat,flat,False,5435100000.0,13008900000.0,14.94,19.34
HINDCOPPER.NS,Hindustan Copper,India,100,,81.39999999999999,161.9,32.494,3.319,49.672066,28.171497,11.74,20.7,0,flat,flat,flat,flat,flat,flat,False,4442700000.0,11560800000.0,4.59,1.62
JINDALSTEL.NS,Jindal Steel & Power,India,63,,25.900000000000002,-43.7,4.818,43.613,42.566406,12.92931,26.73,88.00161,0,flat,flat,flat,flat,flat,flat,True,8447900000.0,155528300000.0,8.3,10.27
NMDC.NS,NMDC,India,68,,0.8,0.4,23.216998999999998,18.802,10.037737,8.233821,8.48,10.33785,1,up,flat,down,flat,flat,up,False,20272300000.0,113431300000.0,2.31,2.0
HINDALCO.NS,Hindalco Industries,India,84,,32.1,75.1,5.5489999999999995,72.598,14.300054,9.472102,73.72,111.29524,4,up,up,up,flat,up,up,False,70130000000.0,848250000000.0,31.51,11.67
HINDZINC.NS,Hindustan Zinc,India,98,,71.7,144.6,38.068000000000005,39.034,14.789552,13.603743,40.39,43.91071,3,up,up,up,flat,up,flat,False,54690000000.0,130330000000.0,12.94,11.91
AAPL,Apple,USA,90,148.75101,16.400000000000002,28.7,27.618998,78.445,35.475918,32.43169,8.72,9.53851,1,flat,up,up,flat,up,down,False,29789000000.0,109417000000.0,2.02,2.01
MSFT,Microsoft,USA,93,34.039003,17.7,31.7,40.305,29.118,26.951477,20.49948,17.93,23.57328,2,up,up,up,flat,up,down,False,35766000000.0,90007000000.0,4.81,4.27
NVDA,NVIDIA,USA,100,114.28799999999998,85.2,214.5,62.966,6.555,32.88208,16.482347,6.53,13.02727,4,up,up,up,flat,up,up,False,58321000000.0,81615000000.0,2.39,1.76
AMZN,Amazon,USA,91,30.558002000000002,19.6,242.3,17.44,45.617,20.790194,24.890984,12.44,10.39051,2,up,up,flat,up,up,down,False,,,5.75,2.78
GOOGL,Alphabet,USA,98,48.676,24.2,294.0,54.771,18.859,17.301556,23.281328,19.93,14.81101,5,up,up,up,up,up,up,False,112193000000.0,119796000000.0,9.11,5.11
META,Meta Platforms,USA,80,29.848000000000003,28.000000000000004,-13.4,29.834998000000002,42.997,20.704067,15.845125,26.56,34.70468,0,up,flat,flat,flat,flat,down,False,15848000000.0,60801000000.0,6.18,10.44
TSLA,Tesla,USA,62,4.6669997,25.5,-3.0,3.671,18.373,332.89905,168.10124,1.09,2.15858,0,flat,flat,down,flat,flat,up,False,1114000000.0,28236000000.0,0.32,0.13
AMD,Advanced Micro Devices,USA,86,10.196,50.1,159.5,15.577,6.361,120.419846,30.559921,3.93,15.48597,4,up,up,up,flat,up,up,False,2297000000.0,11536000000.0,1.38,0.84
AVGO,Broadcom,USA,96,37.280998,47.9,85.39999999999999,38.848,74.018,61.306156,18.890873,6.01,19.50413,2,up,flat,flat,flat,flat,up,False,9310000000.0,22187000000.0,1.91,1.5
TSM,TSMC,USA,99,39.969003,36.0,77.4,49.923,16.504,31.241611,19.234417,13.41,21.78127,5,up,up,up,up,up,up,False,706562000000.0,1270381000000.0,136.233611,110.4
ASML,ASML,USA,95,53.942,21.3,28.499999999999996,30.114,9.092,59.526157,29.199333,29.63,60.404118,1,flat,flat,flat,flat,flat,up,False,2917600000.0,9326500000.0,7.58,7.15
MU,Micron Technology,USA,100,66.63799999999999,345.7,1368.5,55.906,6.33,21.833334,6.236275,44.28,155.02524,4,up,up,up,flat,up,up,False,28243000000.0,41456000000.0,24.67,12.07
INTC,Intel,USA,54,-10.715,25.4,,-19.794,48.997,,44.14915,-2.09,2.04013,0,up,down,down,flat,down,up,False,-11033000000.0,16128000000.0,-2.16,-0.73
ARM,Arm Holdings,USA,88,13.352998999999999,22.400000000000002,108.3,20.247999,5.62,250.84537,79.49452,0.97,3.06084,0,up,flat,flat,flat,flat,down,False,270000000.0,1289000000.0,0.25,0.29
PANW,Palo Alto Networks,USA,74,4.8309997000000005,31.1,,7.947,7.698,311.1913,86.928116,1.15,4.11685,1,up,flat,flat,flat,flat,flat,False,-177000000.0,3002000000.0,-0.22,0.61
CRWD,CrowdStrike,USA,61,-0.24899999,25.6,,-0.598,17.568,,122.46786,-0.04,1.56735,2,up,up,up,flat,up,down,True,27774000.0,1385629000.0,0.0275,0.0375
FTNT,Fortinet,USA,96,117.44200000000001,25.6,43.9,28.173,36.194,54.43617,40.8319,2.82,3.75956,4,up,up,up,flat,up,up,False,606300000.0,2047900000.0,0.82,0.72
NET,Cloudflare,USA,44,-14.425999000000001,35.9,,-8.2100004,217.858,,175.43,-0.59,1.67098,0,up,down,down,flat,down,up,False,-169981000.0,696061000.0,-0.48,-0.07
CAT,Caterpillar,USA,83,56.972003,24.0,68.2,14.511,232.783,35.716137,25.646523,23.18,32.28118,2,up,up,flat,up,up,down,False,3593000000.0,20543000000.0,,5.47
GD,General Dynamics,USA,73,17.803,8.1,13.4,8.179,35.335,23.41804,20.718933,16.41,18.54777,2,flat,up,flat,up,up,flat,False,1160000000.0,14094000000.0,4.24,4.1
HD,Home Depot,USA,58,104.29599,5.7,4.6,8.41,376.524,23.469229,20.924725,14.3,16.03892,-1,flat,flat,flat,flat,flat,down,False,3289000000.0,41765000000.0,3.3,2.58
UNP,Union Pacific,USA,77,39.696,11.5,6.6000000000000005,28.847,150.772,24.943317,21.762672,12.35,14.15497,1,up,flat,flat,down,flat,up,False,1993000000.0,6864000000.0,3.36,2.87
ROK,Rockwell Automation,USA,80,30.629,7.9,40.400000000000006,13.385000999999999,103.347,41.001877,29.46498,10.66,14.83388,2,up,up,up,flat,up,down,False,408000000.0,2313000000.0,3.65,3.1
ETN,Eaton,USA,66,19.683999999999997,21.4,-15.9,12.751999999999999,105.059,42.731907,26.144932,9.81,16.0337,4,up,up,flat,up,flat,up,False,,,2.11,2.22
EMR,Emerson Electric,USA,73,12.8,7.000000000000001,23.0,13.828,67.677,34.336243,21.728676,4.58,7.23744,4,up,up,up,flat,up,up,False,,,1.28,1.1
JCI,Johnson Controls,USA,74,14.332,9.3,15.299999999999999,14.319,70.107,40.295776,23.710587,3.55,6.03317,4,up,up,up,up,up,flat,False,749000000.0,6614000000.0,1.23,1.0
ISRG,Intuitive Surgical,USA,87,17.423001,18.5,26.5,28.445998,,43.49139,31.382265,8.71,12.07083,3,up,up,flat,flat,up,up,False,818100000.0,2892300000.0,2.29,2.28
IDXX,IDEXX Laboratories,USA,84,74.211,9.700000000000001,17.599999999999998,25.030002,67.971,39.055397,33.270008,14.26,16.7397,-1,flat,flat,flat,flat,flat,down,False,338412000.0,1216585000.0,4.27,3.47
LLY,Eli Lilly,USA,88,102.28600000000002,47.699999999999996,26.200000000000003,33.528998,162.071,42.19832,26.57834,29.75,47.23395,0,up,flat,flat,down,flat,flat,False,7095000000.0,22974000000.0,7.94,8.26
ABBV,AbbVie,USA,79,,10.2,290.4,9.8000005,,74.63662,16.273165,3.55,16.28202,1,up,flat,flat,flat,flat,flat,False,3613000000.0,16990000000.0,2.03,0.39
ABT,Abbott Laboratories,USA,60,10.576,13.0,-47.5,11.645000399999999,63.212,37.747574,19.232069,3.09,6.06487,1,up,flat,flat,down,down,up,False,,,0.53,0.61
BLK,BlackRock,USA,85,12.2779995,30.599999999999998,19.6,24.089001,23.192,27.701797,17.984571,41.75,64.3079,0,up,down,down,flat,down,up,False,1914000000.0,7084000000.0,12.19,14.06
JPM,JPMorgan Chase,USA,93,17.788999999999998,30.4,46.9,34.921002,,15.06341,14.059268,23.34,25.00699,1,up,flat,flat,flat,flat,flat,False,21155000000.0,52852000000.0,7.7,5.94
GS,Goldman Sachs,USA,78,16.902,42.5,92.30000000000001,31.039,725.381,16.050657,14.038171,64.75,74.03244,1,flat,up,flat,flat,up,flat,False,,,20.98,17.55
CME,CME Group,USA,71,15.802,0.8,2.5,63.443000000000005,14.587,23.30339,21.266527,11.8,12.93018,-1,flat,down,down,flat,down,up,False,1041800000.0,1706200000.0,2.88,3.18
ICE,Intercontinental Exchange,USA,75,14.094000000000001,4.8,14.2,38.246,69.226,22.711267,18.317057,7.1,8.80327,-1,flat,flat,flat,flat,up,down,False,958000000.0,3611000000.0,1.69,2.48
V,Visa,USA,86,61.19,14.399999999999999,10.2,50.782000000000004,67.821,31.55102,24.764399,11.76,14.9828,1,up,flat,down,flat,flat,up,False,5628000000.0,11633000000.0,2.97,3.14
MA,Mastercard,USA,76,241.202,14.099999999999998,22.1,46.339000000000006,439.583,31.955421,25.216486,18.17,23.02581,4,up,up,up,flat,up,up,False,4388000000.0,9277000000.0,4.97,4.35
PYPL,PayPal,USA,68,24.497,4.8,-3.1,14.363999999999999,71.751,11.63516,10.62403,5.29,5.79347,0,up,down,down,flat,up,up,False,1104000000.0,8682000000.0,1.25,1.21
WMT,Walmart,USA,60,22.313999000000003,5.8999999999999995,-9.1,3.0,70.378,37.572464,32.155037,2.76,3.225,0,up,flat,flat,flat,flat,down,False,5330000000.0,177751000000.0,0.67,0.53
COST,Costco,USA,83,29.152,21.5,45.5,3.01,60.257,47.625126,41.827423,19.9,22.65834,3,up,up,flat,flat,up,up,False,2192000000.0,70527000000.0,4.93,4.58
KO,Coca-Cola,USA,80,42.054,6.7,16.900000000000002,28.558,115.519,27.357357,25.833857,3.33,3.52638,0,flat,flat,flat,flat,flat,flat,False,4425000000.0,13380000000.0,1.03,0.91
PEP,PepsiCo,USA,74,51.507999999999996,6.4,137.0,10.785,238.949,18.804718,15.980503,7.63,8.97844,1,up,flat,up,flat,flat,down,False,2981000000.0,24181000000.0,2.18,1.7
MCD,McDonald's,USA,69,,3.6999999999999997,5.7,31.72,,22.028456,19.35584,12.3,13.99836,-1,flat,flat,down,flat,flat,flat,False,2362000000.0,7100000000.0,3.32,2.78
DIS,Walt Disney,USA,55,8.01,6.800000000000001,-48.3,8.6990006,39.404,22.222681,14.485079,4.85,7.44076,1,flat,flat,flat,flat,flat,up,False,2638000000.0,25248000000.0,1.51,1.27
EA,Electronic Arts,USA,87,16.458000000000002,18.9,97.5,13.803001,26.43,59.743587,21.720531,3.51,9.62882,-1,up,down,down,flat,down,flat,False,,,1.56,1.81
TMUS,T-Mobile US,USA,62,17.994,7.9,5.3,11.455,214.035,19.16649,12.677181,9.55,14.43854,-1,flat,flat,flat,flat,flat,down,False,3239000000.0,22791000000.0,2.99,2.27
XOM,Exxon Mobil,USA,85,12.584000000000001,44.1,112.79999999999998,9.072,15.921,21.222364,15.464039,7.78,10.67703,1,up,flat,flat,flat,flat,flat,False,14525000000.0,114529000000.0,3.48,1.0
CVX,Chevron,USA,85,12.231,53.5,321.9,9.834,18.959,19.756496,15.547119,10.39,13.20309,2,up,flat,flat,flat,flat,up,False,12072000000.0,67199000000.0,6.11,1.11
LNG,Cheniere Energy,USA,82,39.116,22.7,100.69999999999999,13.944,243.42,21.00757,13.363137,13.21,20.76683,-1,flat,flat,flat,flat,flat,down,True,3068000000.0,5732000000.0,14.65,-16.65
CCJ,Cameco,USA,46,5.1149998000000005,-7.199999999999999,-92.10000000000001,10.2139995,17.131,176.7414,54.177017,0.58,1.8921307,1,flat,flat,flat,flat,flat,up,True,130751000.0,845365000.0,0.3,
NXE,NexGen Energy,USA,49,-17.666999999999998,,,0.0,33.569,,-61.308926,-0.3,-0.1771357,0,flat,flat,flat,flat,down,flat,True,74545000.0,0.0,-0.02,-0.24
FCX,Freeport-McMoRan,USA,68,14.754999999999999,-7.3,28.1,11.3850005,32.149,37.578434,18.593122,2.04,4.12303,-1,flat,flat,down,flat,flat,flat,False,984000000.0,7029000000.0,0.68,0.61
NEM,Newmont,USA,88,25.905,15.1,11.4,33.363998,15.807,16.592686,12.435745,7.93,10.58079,-1,up,down,down,down,down,up,False,2202000000.0,6118000000.0,2.06,3.01
GOLD,Barrick Gold,USA,60,10.818999999999999,244.0,,0.34999999,182.406,15.052117,12.730027,3.07,3.63,5,up,up,up,up,up,up,True,59487000.0,10350729000.0,2.09,0.46
